/*
 Navicat Premium Data Transfer

 Source Server         : 本机
 Source Server Type    : MySQL
 Source Server Version : 50719
 Source Host           : localhost:3306
 Source Schema         : spacehr

 Target Server Type    : MySQL
 Target Server Version : 50719
 File Encoding         : 65001

 Date: 14/09/2022 19:48:07
*/

SET NAMES utf8mb4;
SET FOREIGN_KEY_CHECKS = 0;

-- ----------------------------
-- Table structure for department
-- ----------------------------
DROP TABLE IF EXISTS `department`;
CREATE TABLE `department`  (
  `id` int(11) NOT NULL AUTO_INCREMENT,
  `name` varchar(32) CHARACTER SET utf8 COLLATE utf8_general_ci NULL DEFAULT NULL COMMENT '部门名称',
  `parentid` int(11) NULL DEFAULT NULL,
  `dep_path` varchar(255) CHARACTER SET utf8 COLLATE utf8_general_ci NULL DEFAULT NULL,
  `enabled` tinyint(1) NULL DEFAULT 1,
  `is_parent` tinyint(1) NULL DEFAULT 0,
  `del_flag` tinyint(1) NOT NULL DEFAULT 1 COMMENT '1未删除；0删除',
  PRIMARY KEY (`id`) USING BTREE
) ENGINE = InnoDB AUTO_INCREMENT = 107 CHARACTER SET = utf8 COLLATE = utf8_general_ci ROW_FORMAT = DYNAMIC;

-- ----------------------------
-- Records of department
-- ----------------------------
INSERT INTO `department` VALUES (1, '股东会', -1, '.1', 1, 1, 1);
INSERT INTO `department` VALUES (4, '董事会', 1, '.1.4', 1, 1, 1);
INSERT INTO `department` VALUES (5, '总办', 4, '.1.4.5', 1, 1, 1);
INSERT INTO `department` VALUES (8, '财务部', 5, '.1.4.5.8', 1, 0, 1);
INSERT INTO `department` VALUES (78, '市场部', 5, '.1.4.5.78', 1, 1, 1);
INSERT INTO `department` VALUES (81, '华北市场部', 78, '.1.4.5.78.81', 1, 1, 1);
INSERT INTO `department` VALUES (82, '华南市场部', 78, '.1.4.5.78.82', 1, 0, 1);
INSERT INTO `department` VALUES (85, '石家庄市场部', 81, '.1.4.5.78.81.85', 1, 0, 1);
INSERT INTO `department` VALUES (86, '西北市场部', 78, '.1.4.5.78.86', 1, 1, 1);
INSERT INTO `department` VALUES (87, '西安市场', 86, '.1.4.5.78.86.87', 1, 1, 1);
INSERT INTO `department` VALUES (89, '莲湖区市场', 87, '.1.4.5.78.86.87.89', 1, 0, 1);
INSERT INTO `department` VALUES (91, '技术部', 5, '.1.4.5.91', 1, 0, 1);
INSERT INTO `department` VALUES (92, '运维部', 5, '.1.4.5.92', 1, 1, 1);
INSERT INTO `department` VALUES (93, '运维1部', 92, '.1.4.5.92.93', 1, 0, 1);
INSERT INTO `department` VALUES (94, '运维2部', 92, '.1.4.5.92.94', 1, 0, 1);
INSERT INTO `department` VALUES (96, 'bbb', 1, '.1.96', 1, 1, 1);
INSERT INTO `department` VALUES (104, '111', 96, '.1.96.104', 1, 0, 1);
INSERT INTO `department` VALUES (106, '运维3部', 92, '.1.4.5.92.106', 1, 0, 1);

-- ----------------------------
-- Table structure for employee
-- ----------------------------
DROP TABLE IF EXISTS `employee`;
CREATE TABLE `employee`  (
  `id` int(11) NOT NULL AUTO_INCREMENT COMMENT '员工编号',
  `name` varchar(10) CHARACTER SET utf8 COLLATE utf8_general_ci NULL DEFAULT NULL COMMENT '员工姓名',
  `gender` char(4) CHARACTER SET utf8 COLLATE utf8_general_ci NULL DEFAULT NULL COMMENT '性别',
  `birthday` date NULL DEFAULT NULL COMMENT '出生日期',
  `id_card` char(18) CHARACTER SET utf8 COLLATE utf8_general_ci NULL DEFAULT NULL COMMENT '身份证号',
  `wedlock` enum('已婚','未婚','离异') CHARACTER SET utf8 COLLATE utf8_general_ci NULL DEFAULT NULL COMMENT '婚姻状况',
  `nation_id` int(8) NULL DEFAULT NULL COMMENT '民族',
  `native_place` varchar(20) CHARACTER SET utf8 COLLATE utf8_general_ci NULL DEFAULT NULL COMMENT '籍贯',
  `politic_id` int(8) NULL DEFAULT NULL COMMENT '政治面貌',
  `email` varchar(20) CHARACTER SET utf8 COLLATE utf8_general_ci NULL DEFAULT NULL COMMENT '邮箱',
  `phone` varchar(11) CHARACTER SET utf8 COLLATE utf8_general_ci NULL DEFAULT NULL COMMENT '电话号码',
  `address` varchar(64) CHARACTER SET utf8 COLLATE utf8_general_ci NULL DEFAULT NULL COMMENT '联系地址',
  `department_id` int(11) NULL DEFAULT NULL COMMENT '所属部门',
  `job_level_id` int(11) NULL DEFAULT NULL COMMENT '职称ID',
  `pos_id` int(11) NULL DEFAULT NULL COMMENT '职位ID',
  `engage_form` varchar(8) CHARACTER SET utf8 COLLATE utf8_general_ci NULL DEFAULT NULL COMMENT '聘用形式',
  `tiptop_degree` enum('博士','硕士','本科','大专','高中','初中','小学','其他') CHARACTER SET utf8 COLLATE utf8_general_ci NULL DEFAULT NULL COMMENT '最高学历',
  `specialty` varchar(32) CHARACTER SET utf8 COLLATE utf8_general_ci NULL DEFAULT NULL COMMENT '所属专业',
  `school` varchar(32) CHARACTER SET utf8 COLLATE utf8_general_ci NULL DEFAULT NULL COMMENT '毕业院校',
  `begin_date` date NULL DEFAULT NULL COMMENT '入职日期',
  `work_state` enum('在职','离职') CHARACTER SET utf8 COLLATE utf8_general_ci NULL DEFAULT '在职' COMMENT '在职状态',
  `work_iD` char(8) CHARACTER SET utf8 COLLATE utf8_general_ci NULL DEFAULT NULL COMMENT '工号',
  `contract_term` double NULL DEFAULT NULL COMMENT '合同期限',
  `conversion_time` date NULL DEFAULT NULL COMMENT '转正日期',
  `not_work_date` date NULL DEFAULT NULL COMMENT '离职日期',
  `begin_contract` date NULL DEFAULT NULL COMMENT '合同起始日期',
  `end_contract` date NULL DEFAULT NULL COMMENT '合同终止日期',
  `work_age` int(11) NULL DEFAULT NULL COMMENT '工龄',
  `del_flag` tinyint(1) NOT NULL DEFAULT 1 COMMENT '逻辑删除标志 1未删除 ；0删除',
  PRIMARY KEY (`id`) USING BTREE,
  INDEX `departmentId`(`department_id`) USING BTREE,
  INDEX `jobId`(`job_level_id`) USING BTREE,
  INDEX `dutyId`(`pos_id`) USING BTREE,
  INDEX `nationId`(`nation_id`) USING BTREE,
  INDEX `politicId`(`politic_id`) USING BTREE,
  INDEX `workID_key`(`work_iD`) USING BTREE,
  CONSTRAINT `employee_ibfk_1` FOREIGN KEY (`department_id`) REFERENCES `department` (`id`) ON DELETE RESTRICT ON UPDATE RESTRICT,
  CONSTRAINT `employee_ibfk_2` FOREIGN KEY (`job_level_id`) REFERENCES `joblevel` (`id`) ON DELETE RESTRICT ON UPDATE RESTRICT,
  CONSTRAINT `employee_ibfk_3` FOREIGN KEY (`pos_id`) REFERENCES `position` (`id`) ON DELETE RESTRICT ON UPDATE RESTRICT,
  CONSTRAINT `employee_ibfk_4` FOREIGN KEY (`nation_id`) REFERENCES `nation` (`id`) ON DELETE RESTRICT ON UPDATE RESTRICT,
  CONSTRAINT `employee_ibfk_5` FOREIGN KEY (`politic_id`) REFERENCES `politicsstatus` (`id`) ON DELETE RESTRICT ON UPDATE RESTRICT
) ENGINE = InnoDB AUTO_INCREMENT = 2990 CHARACTER SET = utf8 COLLATE = utf8_general_ci ROW_FORMAT = DYNAMIC;

-- ----------------------------
-- Records of employee
-- ----------------------------
INSERT INTO `employee` VALUES (1, '江南一点雨', '男', '1990-01-01', '610122199001011256', '已婚', 1, '陕西', 13, 'laowang@qq.com', '18565558897', '深圳市南山区', 5, 9, 29, '劳务合同', '本科', '信息管理与信息系统', '深圳大学', '2018-01-01', '在职', '00000071', 2, '2018-04-01', NULL, '2018-01-01', '2020-01-01', NULL, 1);
INSERT INTO `employee` VALUES (2, '陈静', '女', '1989-02-01', '421288198902011234', '已婚', 1, '海南', 1, 'chenjing@qq.com', '18795556693', '海南省海口市美兰区', 91, 12, 29, '劳动合同', '高中', '市场营销', '武汉大学', '2015-06-09', '在职', '00000002', 3, '2015-09-10', NULL, '2015-06-09', '2018-06-08', NULL, 1);
INSERT INTO `employee` VALUES (3, '赵琳浩', '男', '1993-03-04', '610122199303041456', '未婚', 1, '陕西', 3, 'zhao@qq.com', '15698887795', '陕西省西安市莲湖区', 91, 12, 33, '劳动合同', '博士', '电子工程', '哈尔滨理工大学', '2018-01-01', '在职', '00000003', 3.5, '2018-04-01', NULL, '2018-01-01', '2021-07-14', NULL, 1);
INSERT INTO `employee` VALUES (4, '鹿存亮', '男', '1990-01-03', '610122199001031456', '已婚', 1, '陕西', 3, 'zhao@qq.com', '15612347795', '陕西省西安市莲湖区', 92, 12, 34, '劳动合同', '高中', '电子工程', '哈尔滨理工大学', '2018-01-01', '在职', '00000004', 3.5, '2018-04-01', NULL, '2018-01-01', '2021-07-14', NULL, 1);
INSERT INTO `employee` VALUES (5, '姚森', '男', '1991-02-05', '610122199102058952', '已婚', 1, '河南', 3, 'yaosen@qq.com', '14785559936', '河南洛阳人民大道58号', 92, 15, 34, '劳动合同', '硕士', '室内装修设计', '西北大学', '2017-01-02', '在职', '00000005', 7, '2017-04-02', NULL, '2017-01-02', '2024-01-17', NULL, 1);
INSERT INTO `employee` VALUES (6, '云星', '女', '1993-01-05', '610122199301054789', '已婚', 1, '陕西西安', 1, 'yunxing@qq.com', '15644442252', '陕西西安新城区', 92, 16, 34, '劳务合同', '硕士', '通信工程', '西安电子科技学校', '2018-01-01', '在职', '00000006', 5.25, '2018-04-01', NULL, '2018-01-01', '2023-04-13', NULL, 1);
INSERT INTO `employee` VALUES (7, '贾旭明', '男', '1993-11-11', '610122199311111234', '已婚', 1, '广东广州', 4, 'jiaxuming@qq.com', '15644441234', '广东省广州市天河区冼村路', 78, 15, 33, '劳务合同', '初中', '通信工程', '西北大学', '2018-01-01', '在职', '00000007', 5.25, '2018-04-01', NULL, '2018-01-01', '2023-04-13', NULL, 1);
INSERT INTO `employee` VALUES (8, '张黎明', '男', '1991-02-01', '610144199102014569', '已婚', 1, '广东', 6, 'zhangliming@qq.com', '18979994478', '广东珠海', 91, 15, 33, '劳动合同', '高中', '考古', '清华大学', '2018-01-01', '在职', '00000008', 7, '2018-04-01', NULL, '2018-01-01', '2025-01-30', NULL, 1);
INSERT INTO `employee` VALUES (9, '薛磊', '男', '1992-07-01', '610144199207017895', '已婚', 1, '陕西西安', 13, 'xuelei@qq.com', '15648887741', '西安市雁塔区', 92, 14, 34, '劳动合同', '初中', '无', '华胥中学', '2018-01-01', '在职', '00000009', 6, '2018-04-01', NULL, '2018-01-01', '2024-01-17', NULL, 1);
INSERT INTO `employee` VALUES (10, '张洁', '女', '1990-10-09', '420177199010093652', '未婚', 1, '海南', 5, 'zhangjie@qq.com', '13695557742', '海口市美兰区', 92, 16, 34, '劳动合同', '高中', '无', '海南侨中', '2018-01-01', '在职', '00000010', 1, '2018-01-31', NULL, '2018-01-01', '2019-01-01', NULL, 1);
INSERT INTO `employee` VALUES (11, '江南一点雨2', '男', '1990-01-01', '610122199001011256', '已婚', 1, '陕西', 13, 'laowang@qq.com', '18565558897', '深圳市南山区', 91, 9, 29, '劳动合同', '本科', '信息管理与信息系统', '深圳大学', '2018-01-01', '在职', '00000011', 1, '2018-04-01', NULL, '2018-01-01', '2019-01-01', NULL, 1);
INSERT INTO `employee` VALUES (12, '陈静2', '女', '1989-02-01', '421288198902011234', '已婚', 1, '海南', 1, 'chenjing@qq.com', '18795556693', '海南省海口市美兰区', 82, 12, 30, '劳动合同', '高中', '市场营销', '武汉大学', '2015-06-09', '在职', '00000012', 3, '2015-09-10', NULL, '2015-06-09', '2018-06-08', NULL, 1);
INSERT INTO `employee` VALUES (13, '赵琳浩2', '男', '1993-03-04', '610122199303041456', '未婚', 1, '陕西', 3, 'zhao@qq.com', '15698887795', '陕西省西安市莲湖区', 91, 12, 33, '劳动合同', '博士', '电子工程', '哈尔滨理工大学', '2018-01-01', '在职', '00000013', 3.5, '2018-04-01', NULL, '2018-01-01', '2021-07-14', NULL, 1);
INSERT INTO `employee` VALUES (14, '鹿存亮2', '男', '1990-01-03', '610122199001031456', '已婚', 1, '陕西', 3, 'zhao@qq.com', '15612347795', '陕西省西安市莲湖区', 92, 12, 34, '劳动合同', '高中', '电子工程', '哈尔滨理工大学', '2018-01-01', '在职', '00000014', 3.5, '2018-04-01', NULL, '2018-01-01', '2021-07-14', NULL, 1);
INSERT INTO `employee` VALUES (15, '姚森2', '男', '1991-02-05', '610122199102058952', '已婚', 1, '河南', 3, 'yaosen@qq.com', '14785559936', '河南洛阳人民大道58号', 92, 15, 34, '劳动合同', '初中', '室内装修设计', '西北大学', '2017-01-02', '在职', '00000015', 7, '2017-04-02', NULL, '2017-01-02', '2024-01-17', NULL, 1);
INSERT INTO `employee` VALUES (16, '云星2', '女', '1993-01-05', '610122199301054789', '已婚', 1, '陕西西安', 1, 'yunxing@qq.com', '15644442252', '陕西西安新城区', 92, 16, 34, '劳务合同', '硕士', '通信工程', '西安电子科技学校', '2018-01-01', '在职', '00000016', 5.25, '2018-04-01', NULL, '2018-01-01', '2023-04-13', NULL, 1);
INSERT INTO `employee` VALUES (17, '贾旭明2', '男', '1993-11-11', '610122199311111234', '已婚', 1, '广东广州', 4, 'jiaxuming@qq.com', '15644441234', '广东省广州市天河区冼村路', 78, 15, 33, '劳务合同', '初中', '通信工程', '西北大学', '2018-01-01', '在职', '00000017', 5.25, '2018-04-01', NULL, '2018-01-01', '2023-04-13', NULL, 1);
INSERT INTO `employee` VALUES (18, '王一亭', '男', '1991-02-01', '610144199102014569', '已婚', 1, '广东', 6, 'zhangliming@qq.com', '18979994478', '广东珠海', 91, 15, 33, '劳动合同', '高中', '考古', '清华大学', '2018-01-01', '在职', '00000018', 7, '2018-04-01', NULL, '2018-01-01', '2025-01-30', NULL, 1);
INSERT INTO `employee` VALUES (19, '薛磊2', '男', '1992-07-01', '610144199207017895', '已婚', 1, '陕西西安', 13, 'xuelei@qq.com', '15648887741', '西安市雁塔区', 92, 14, 34, '劳动合同', '初中', '无', '华胥中学', '2018-01-01', '在职', '00000019', 1, '2018-04-01', NULL, '2018-01-01', '2019-01-01', NULL, 1);
INSERT INTO `employee` VALUES (20, '张洁2', '女', '1990-10-09', '420177199010093652', '未婚', 1, '海南', 5, 'zhangjie@qq.com', '13695557742', '海口市美兰区', 92, 16, 34, '劳动合同', '高中', '无', '海南侨中', '2018-01-01', '在职', '00000020', 1, '2018-01-31', NULL, '2018-01-01', '2019-01-01', NULL, 1);
INSERT INTO `employee` VALUES (21, '江南一点雨3', '男', '1990-01-01', '610122199001011256', '已婚', 1, '陕西', 13, 'laowang@qq.com', '18565558897', '深圳市南山区', 8, 9, 29, '劳动合同', '本科', '信息管理与信息系统', '深圳大学', '2018-01-01', '在职', '00000021', 1, '2018-04-01', NULL, '2018-01-01', '2019-01-01', NULL, 1);
INSERT INTO `employee` VALUES (22, '陈静3', '女', '1989-02-01', '421288198902011234', '已婚', 1, '海南', 1, 'chenjing@qq.com', '18795556693', '海南省海口市美兰区', 82, 12, 30, '劳动合同', '高中', '市场营销', '武汉大学', '2015-06-09', '在职', '00000022', 3, '2015-09-10', NULL, '2015-06-09', '2018-06-08', NULL, 1);
INSERT INTO `employee` VALUES (24, '鹿存亮3', '男', '1990-01-03', '610122199001031456', '已婚', 1, '陕西', 3, 'zhao@qq.com', '15612347795', '陕西省西安市莲湖区', 92, 12, 34, '劳动合同', '高中', '电子工程', '哈尔滨理工大学', '2018-01-01', '在职', '00000024', 3.5, '2018-04-01', NULL, '2018-01-01', '2021-07-14', NULL, 1);
INSERT INTO `employee` VALUES (25, '姚森3', '男', '1991-02-05', '610122199102058952', '已婚', 1, '河南', 3, 'yaosen@qq.com', '14785559936', '河南洛阳人民大道58号', 92, 15, 34, '劳动合同', '初中', '室内装修设计', '西北大学', '2017-01-02', '在职', '00000025', 7, '2017-04-02', NULL, '2017-01-02', '2024-01-17', NULL, 1);
INSERT INTO `employee` VALUES (26, '云星3', '女', '1993-01-05', '610122199301054789', '已婚', 1, '陕西西安', 1, 'yunxing@qq.com', '15644442252', '陕西西安新城区', 92, 16, 34, '劳务合同', '硕士', '通信工程', '西安电子科技学校', '2018-01-01', '在职', '00000026', 5.25, '2018-04-01', NULL, '2018-01-01', '2023-04-13', NULL, 1);
INSERT INTO `employee` VALUES (27, '贾旭明3', '男', '1993-11-11', '610122199311111234', '已婚', 1, '广东广州', 4, 'jiaxuming@qq.com', '15644441234', '广东省广州市天河区冼村路', 78, 15, 33, '劳务合同', '初中', '通信工程', '西北大学', '2018-01-01', '在职', '00000027', 5.25, '2018-04-01', NULL, '2018-01-01', '2023-04-13', NULL, 1);
INSERT INTO `employee` VALUES (28, '张黎明3', '男', '1991-02-01', '610144199102014569', '已婚', 1, '广东', 6, 'zhangliming@qq.com', '18979994478', '广东珠海', 91, 15, 33, '劳动合同', '高中', '考古', '清华大学', '2018-01-01', '在职', '00000028', 7, '2018-04-01', NULL, '2018-01-01', '2025-01-30', NULL, 1);
INSERT INTO `employee` VALUES (29, '薛磊3', '男', '1992-07-01', '610144199207017895', '已婚', 1, '陕西西安', 13, 'xuelei@qq.com', '15648887741', '西安市雁塔区', 92, 14, 34, '劳动合同', '初中', '无', '华胥中学', '2018-01-01', '在职', '00000029', 6, '2018-04-01', NULL, '2018-01-01', '2024-01-17', NULL, 1);
INSERT INTO `employee` VALUES (31, '江南一点雨4', '男', '1990-01-01', '610122199001011256', '已婚', 1, '陕西', 13, 'laowang@qq.com', '18565558897', '深圳市南山区', 8, 9, 29, '劳动合同', '本科', '信息管理与信息系统', '深圳大学', '2018-01-01', '在职', '00000031', 1, '2018-04-01', NULL, '2018-01-01', '2019-01-01', NULL, 1);
INSERT INTO `employee` VALUES (32, '陈静4', '女', '1989-02-01', '421288198902011234', '已婚', 1, '海南', 1, 'chenjing@qq.com', '18795556693', '海南省海口市美兰区', 82, 12, 30, '劳动合同', '高中', '市场营销', '武汉大学', '2015-06-09', '在职', '00000032', 3, '2015-09-10', NULL, '2015-06-09', '2018-06-08', NULL, 1);
INSERT INTO `employee` VALUES (33, '赵琳浩4', '男', '1993-03-04', '610122199303041456', '未婚', 1, '陕西', 3, 'zhao@qq.com', '15698887795', '陕西省西安市莲湖区', 91, 12, 33, '劳动合同', '博士', '电子工程', '哈尔滨理工大学', '2018-01-01', '在职', '00000033', 3.5, '2018-04-01', NULL, '2018-01-01', '2021-07-14', NULL, 1);
INSERT INTO `employee` VALUES (34, '鹿存亮4', '男', '1990-01-03', '610122199001031456', '已婚', 1, '陕西', 3, 'zhao@qq.com', '15612347795', '陕西省西安市莲湖区', 92, 12, 34, '劳动合同', '高中', '电子工程', '哈尔滨理工大学', '2018-01-01', '在职', '00000034', 3.5, '2018-04-01', NULL, '2018-01-01', '2021-07-14', NULL, 1);
INSERT INTO `employee` VALUES (35, '姚森4', '男', '1991-02-05', '610122199102058952', '已婚', 1, '河南', 3, 'yaosen@qq.com', '14785559936', '河南洛阳人民大道58号', 92, 15, 34, '劳动合同', '初中', '室内装修设计', '西北大学', '2017-01-02', '在职', '00000035', 7, '2017-04-02', NULL, '2017-01-02', '2024-01-17', NULL, 1);
INSERT INTO `employee` VALUES (36, '云星4', '女', '1993-01-05', '610122199301054789', '已婚', 1, '陕西西安', 1, 'yunxing@qq.com', '15644442252', '陕西西安新城区', 92, 16, 34, '劳务合同', '硕士', '通信工程', '西安电子科技学校', '2018-01-01', '在职', '00000036', 5.25, '2018-04-01', NULL, '2018-01-01', '2023-04-13', NULL, 1);
INSERT INTO `employee` VALUES (37, '贾旭明4', '男', '1993-11-11', '610122199311111234', '已婚', 1, '广东广州', 4, 'jiaxuming@qq.com', '15644441234', '广东省广州市天河区冼村路', 78, 15, 33, '劳务合同', '初中', '通信工程', '西北大学', '2018-01-01', '在职', '00000037', 5.25, '2018-04-01', NULL, '2018-01-01', '2023-04-13', NULL, 1);
INSERT INTO `employee` VALUES (38, '张黎明2', '男', '1991-02-01', '610144199102014569', '已婚', 1, '广东', 6, 'zhangliming@qq.com', '18979994478', '广东珠海', 91, 15, 33, '劳动合同', '高中', '考古', '清华大学', '2018-01-01', '在职', '00000038', 7, '2018-04-01', NULL, '2018-01-01', '2025-01-30', NULL, 1);
INSERT INTO `employee` VALUES (39, '薛磊4', '男', '1992-07-01', '610144199207017895', '已婚', 1, '陕西西安', 13, 'xuelei@qq.com', '15648887741', '西安市雁塔区', 92, 14, 34, '劳动合同', '初中', '无', '华胥中学', '2018-01-01', '在职', '00000039', 6, '2018-04-01', NULL, '2018-01-01', '2024-01-17', NULL, 1);
INSERT INTO `employee` VALUES (40, '张洁4', '女', '1990-10-09', '420177199010093652', '未婚', 1, '海南', 5, 'zhangjie@qq.com', '13695557742', '海口市美兰区', 92, 16, 34, '劳动合同', '高中', '无', '海南侨中', '2018-01-01', '在职', '00000040', 1, '2018-01-31', NULL, '2018-01-01', '2019-01-01', NULL, 1);
INSERT INTO `employee` VALUES (41, '江南一点雨5', '男', '1990-01-01', '610122199001011256', '已婚', 1, '陕西', 13, 'laowang@qq.com', '18565558897', '深圳市南山区', 8, 9, 29, '劳动合同', '本科', '信息管理与信息系统', '深圳大学', '2018-01-01', '在职', '00000041', 1, '2018-04-01', NULL, '2018-01-01', '2019-01-01', NULL, 1);
INSERT INTO `employee` VALUES (42, '陈静5', '女', '1989-02-01', '421288198902011234', '已婚', 1, '海南', 1, 'chenjing@qq.com', '18795556693', '海南省海口市美兰区', 82, 12, 30, '劳动合同', '高中', '市场营销', '武汉大学', '2015-06-09', '在职', '00000042', 3, '2015-09-10', NULL, '2015-06-09', '2018-06-08', NULL, 1);
INSERT INTO `employee` VALUES (43, '赵琳浩5', '男', '1993-03-04', '610122199303041456', '未婚', 1, '陕西', 3, 'zhao@qq.com', '15698887795', '陕西省西安市莲湖区', 91, 12, 33, '劳动合同', '博士', '电子工程', '哈尔滨理工大学', '2018-01-01', '在职', '00000043', 3.5, '2018-04-01', NULL, '2018-01-01', '2021-07-14', NULL, 1);
INSERT INTO `employee` VALUES (44, '鹿存亮5', '男', '1990-01-03', '610122199001031456', '已婚', 1, '陕西', 3, 'zhao@qq.com', '15612347795', '陕西省西安市莲湖区', 92, 12, 34, '劳动合同', '高中', '电子工程', '哈尔滨理工大学', '2018-01-01', '在职', '00000044', 3.5, '2018-04-01', NULL, '2018-01-01', '2021-07-14', NULL, 1);
INSERT INTO `employee` VALUES (45, '姚森5', '男', '1991-02-05', '610122199102058952', '已婚', 1, '河南', 3, 'yaosen@qq.com', '14785559936', '河南洛阳人民大道58号', 92, 15, 34, '劳动合同', '初中', '室内装修设计', '西北大学', '2017-01-02', '在职', '00000045', 7, '2017-04-02', NULL, '2017-01-02', '2024-01-17', NULL, 1);
INSERT INTO `employee` VALUES (46, '云星5', '女', '1993-01-05', '610122199301054789', '已婚', 1, '陕西西安', 1, 'yunxing@qq.com', '15644442252', '陕西西安新城区', 92, 16, 34, '劳务合同', '硕士', '通信工程', '西安电子科技学校', '2018-01-01', '在职', '00000046', 5.25, '2018-04-01', NULL, '2018-01-01', '2023-04-13', NULL, 1);
INSERT INTO `employee` VALUES (47, '贾旭明5', '男', '1993-11-11', '610122199311111234', '已婚', 1, '广东广州', 4, 'jiaxuming@qq.com', '15644441234', '广东省广州市天河区冼村路', 78, 15, 33, '劳务合同', '初中', '通信工程', '西北大学', '2018-01-01', '在职', '00000047', 5.25, '2018-04-01', NULL, '2018-01-01', '2023-04-13', NULL, 1);
INSERT INTO `employee` VALUES (48, '张黎明5', '男', '1991-02-01', '610144199102014569', '已婚', 1, '广东', 6, 'zhangliming@qq.com', '18979994478', '广东珠海', 91, 15, 33, '劳动合同', '高中', '考古', '清华大学', '2018-01-01', '在职', '00000048', 7, '2018-04-01', NULL, '2018-01-01', '2025-01-30', NULL, 1);
INSERT INTO `employee` VALUES (49, '薛磊5', '男', '1992-07-01', '610144199207017895', '已婚', 1, '陕西西安', 13, 'xuelei@qq.com', '15648887741', '西安市雁塔区', 92, 14, 34, '劳动合同', '初中', '无', '华胥中学', '2018-01-01', '在职', '00000049', 6, '2018-04-01', NULL, '2018-01-01', '2024-01-17', NULL, 1);
INSERT INTO `employee` VALUES (50, '张洁5', '女', '1990-10-09', '420177199010093652', '未婚', 1, '海南', 5, 'zhangjie@qq.com', '13695557742', '海口市美兰区', 92, 16, 34, '劳动合同', '高中', '无', '海南侨中', '2018-01-01', '在职', '00000050', 1, '2018-01-31', NULL, '2018-01-01', '2019-01-01', NULL, 1);
INSERT INTO `employee` VALUES (51, '江南一点雨6', '男', '1990-01-01', '610122199001011256', '已婚', 1, '陕西', 13, 'laowang@qq.com', '18565558897', '深圳市南山区', 8, 9, 29, '劳动合同', '本科', '信息管理与信息系统', '深圳大学', '2018-01-01', '在职', '00000051', 1, '2018-04-01', NULL, '2018-01-01', '2019-01-01', NULL, 1);
INSERT INTO `employee` VALUES (52, '陈静6', '女', '1989-02-01', '421288198902011234', '已婚', 1, '海南', 1, 'chenjing@qq.com', '18795556693', '海南省海口市美兰区', 82, 12, 30, '劳动合同', '高中', '市场营销', '武汉大学', '2015-06-09', '在职', '00000052', 3, '2015-09-10', NULL, '2015-06-09', '2018-06-08', NULL, 1);
INSERT INTO `employee` VALUES (53, '赵琳浩6', '男', '1993-03-04', '610122199303041456', '未婚', 1, '陕西', 3, 'zhao@qq.com', '15698887795', '陕西省西安市莲湖区', 91, 12, 33, '劳动合同', '博士', '电子工程', '哈尔滨理工大学', '2018-01-01', '在职', '00000053', 3.5, '2018-04-01', NULL, '2018-01-01', '2021-07-14', NULL, 1);
INSERT INTO `employee` VALUES (54, '鹿存亮6', '男', '1990-01-03', '610122199001031456', '已婚', 1, '陕西', 3, 'zhao@qq.com', '15612347795', '陕西省西安市莲湖区', 92, 12, 34, '劳动合同', '高中', '电子工程', '哈尔滨理工大学', '2018-01-01', '在职', '00000054', 3.5, '2018-04-01', NULL, '2018-01-01', '2021-07-14', NULL, 1);
INSERT INTO `employee` VALUES (55, '姚森6', '男', '1991-02-05', '610122199102058952', '已婚', 1, '河南', 3, 'yaosen@qq.com', '14785559936', '河南洛阳人民大道58号', 92, 15, 34, '劳动合同', '初中', '室内装修设计', '西北大学', '2017-01-02', '在职', '00000055', 7, '2017-04-02', NULL, '2017-01-02', '2024-01-17', NULL, 1);
INSERT INTO `employee` VALUES (56, '云星6', '女', '1993-01-05', '610122199301054789', '已婚', 1, '陕西西安', 1, 'yunxing@qq.com', '15644442252', '陕西西安新城区', 92, 16, 34, '劳务合同', '硕士', '通信工程', '西安电子科技学校', '2018-01-01', '在职', '00000056', 5.25, '2018-04-01', NULL, '2018-01-01', '2023-04-13', NULL, 1);
INSERT INTO `employee` VALUES (1351, '江南一点雨', '男', '1990-01-01', '610122199001011256', '已婚', 1, '陕西', 13, 'laowang@qq.com', '18565558897', '深圳市南山区', 8, 9, 29, '劳动合同', '本科', '信息管理与信息系统', '深圳大学', '2018-01-01', '在职', '00000001', 1, NULL, NULL, '2018-01-01', '2019-01-01', NULL, 1);
INSERT INTO `employee` VALUES (1352, '陈静', '女', '1989-02-01', '421288198902011234', '已婚', 1, '海南', 1, 'chenjing@qq.com', '18795556693', '海南省海口市美兰区', 82, 12, 30, '劳动合同', '高中', '市场营销', '武汉大学', '2015-06-09', '在职', '00000002', 3, NULL, NULL, '2015-06-09', '2018-06-08', NULL, 1);
INSERT INTO `employee` VALUES (1353, '赵琳浩', '男', '1993-03-04', '610122199303041456', '未婚', 1, '陕西', 3, 'zhao@qq.com', '15698887795', '陕西省西安市莲湖区', 91, 12, 33, '劳动合同', '博士', '电子工程', '哈尔滨理工大学', '2018-01-01', '在职', '00000003', 3.5, NULL, NULL, '2018-01-01', '2021-07-14', NULL, 1);
INSERT INTO `employee` VALUES (1354, '鹿存亮', '男', '1990-01-03', '610122199001031456', '已婚', 1, '陕西', 3, 'zhao@qq.com', '15612347795', '陕西省西安市莲湖区', 92, 12, 34, '劳动合同', '高中', '电子工程', '哈尔滨理工大学', '2018-01-01', '在职', '00000004', 3.5, NULL, NULL, '2018-01-01', '2021-07-14', NULL, 1);
INSERT INTO `employee` VALUES (1355, '姚森', '男', '1991-02-05', '610122199102058952', '已婚', 1, '河南', 3, 'yaosen@qq.com', '14785559936', '河南洛阳人民大道58号', 92, 15, 34, '劳动合同', '初中', '室内装修设计', '西北大学', '2017-01-02', '在职', '00000005', 7, NULL, NULL, '2017-01-02', '2024-01-17', NULL, 1);
INSERT INTO `employee` VALUES (1357, '贾旭明', '男', '1993-11-11', '610122199311111234', '已婚', 1, '广东广州', 4, 'jiaxuming@qq.com', '15644441234', '广东省广州市天河区冼村路', 78, 15, 33, '劳务合同', '初中', '通信工程', '西北大学', '2018-01-01', '在职', '00000007', 5.25, NULL, NULL, '2018-01-01', '2023-04-13', NULL, 1);
INSERT INTO `employee` VALUES (1358, '张黎明', '男', '1991-02-01', '610144199102014569', '已婚', 1, '广东', 6, 'zhangliming@qq.com', '18979994478', '广东珠海', 91, 15, 33, '劳动合同', '高中', '考古', '清华大学', '2018-01-01', '在职', '00000008', 7, NULL, NULL, '2018-01-01', '2025-01-30', NULL, 1);
INSERT INTO `employee` VALUES (1359, '薛磊', '男', '1992-07-01', '610144199207017895', '已婚', 1, '陕西西安', 13, 'xuelei@qq.com', '15648887741', '西安市雁塔区', 92, 14, 34, '劳动合同', '初中', '无', '华胥中学', '2018-01-01', '在职', '00000009', 6, NULL, NULL, '2018-01-01', '2024-01-17', NULL, 1);
INSERT INTO `employee` VALUES (1360, '张洁', '女', '1990-10-09', '420177199010093652', '未婚', 1, '海南', 5, 'zhangjie@qq.com', '13695557742', '海口市美兰区', 92, 16, 34, '劳动合同', '高中', '无', '海南侨中', '2018-01-01', '在职', '00000010', 1, NULL, NULL, '2018-01-01', '2019-01-01', NULL, 1);
INSERT INTO `employee` VALUES (1361, '江南一点雨2', '男', '1990-01-01', '610122199001011256', '已婚', 1, '陕西', 13, 'laowang@qq.com', '18565558897', '深圳市南山区', 8, 9, 29, '劳动合同', '本科', '信息管理与信息系统', '深圳大学', '2018-01-01', '在职', '00000011', 1, NULL, NULL, '2018-01-01', '2019-01-01', NULL, 1);
INSERT INTO `employee` VALUES (1362, '陈静2', '女', '1989-02-01', '421288198902011234', '已婚', 1, '海南', 1, 'chenjing@qq.com', '18795556693', '海南省海口市美兰区', 82, 12, 30, '劳动合同', '高中', '市场营销', '武汉大学', '2015-06-09', '在职', '00000012', 3, NULL, NULL, '2015-06-09', '2018-06-08', NULL, 1);
INSERT INTO `employee` VALUES (1363, '赵琳浩2', '男', '1993-03-04', '610122199303041456', '未婚', 1, '陕西', 3, 'zhao@qq.com', '15698887795', '陕西省西安市莲湖区', 91, 12, 33, '劳动合同', '博士', '电子工程', '哈尔滨理工大学', '2018-01-01', '在职', '00000013', 3.5, NULL, NULL, '2018-01-01', '2021-07-14', NULL, 1);
INSERT INTO `employee` VALUES (1364, '鹿存亮2', '男', '1990-01-03', '610122199001031456', '已婚', 1, '陕西', 3, 'zhao@qq.com', '15612347795', '陕西省西安市莲湖区', 92, 12, 34, '劳动合同', '高中', '电子工程', '哈尔滨理工大学', '2018-01-01', '在职', '00000014', 3.5, NULL, NULL, '2018-01-01', '2021-07-14', NULL, 1);
INSERT INTO `employee` VALUES (1365, '姚森2', '男', '1991-02-05', '610122199102058952', '已婚', 1, '河南', 3, 'yaosen@qq.com', '14785559936', '河南洛阳人民大道58号', 92, 15, 34, '劳动合同', '初中', '室内装修设计', '西北大学', '2017-01-02', '在职', '00000015', 7, NULL, NULL, '2017-01-02', '2024-01-17', NULL, 1);
INSERT INTO `employee` VALUES (1366, '云星2', '女', '1993-01-05', '610122199301054789', '已婚', 1, '陕西西安', 1, 'yunxing@qq.com', '15644442252', '陕西西安新城区', 92, 16, 34, '劳务合同', '硕士', '通信工程', '西安电子科技学校', '2018-01-01', '在职', '00000016', 5.25, NULL, NULL, '2018-01-01', '2023-04-13', NULL, 1);
INSERT INTO `employee` VALUES (1367, '贾旭明2', '男', '1993-11-11', '610122199311111234', '已婚', 1, '广东广州', 4, 'jiaxuming@qq.com', '15644441234', '广东省广州市天河区冼村路', 78, 15, 33, '劳务合同', '初中', '通信工程', '西北大学', '2018-01-01', '在职', '00000017', 5.25, NULL, NULL, '2018-01-01', '2023-04-13', NULL, 1);
INSERT INTO `employee` VALUES (1368, '王一亭', '男', '1991-02-01', '610144199102014569', '已婚', 1, '广东', 6, 'zhangliming@qq.com', '18979994478', '广东珠海', 91, 15, 33, '劳动合同', '高中', '考古', '清华大学', '2018-01-01', '在职', '00000018', 7, NULL, NULL, '2018-01-01', '2025-01-30', NULL, 1);
INSERT INTO `employee` VALUES (1369, '薛磊2', '男', '1992-07-01', '610144199207017895', '已婚', 1, '陕西西安', 13, 'xuelei@qq.com', '15648887741', '西安市雁塔区', 92, 14, 34, '劳动合同', '初中', '无', '华胥中学', '2018-01-01', '在职', '00000019', 1, NULL, NULL, '2018-01-01', '2019-01-01', NULL, 1);
INSERT INTO `employee` VALUES (1370, '张洁2', '女', '1990-10-09', '420177199010093652', '未婚', 1, '海南', 5, 'zhangjie@qq.com', '13695557742', '海口市美兰区', 92, 16, 34, '劳动合同', '高中', '无', '海南侨中', '2018-01-01', '在职', '00000020', 1, NULL, NULL, '2018-01-01', '2019-01-01', NULL, 1);
INSERT INTO `employee` VALUES (1371, '江南一点雨3', '男', '1990-01-01', '610122199001011256', '已婚', 1, '陕西', 13, 'laowang@qq.com', '18565558897', '深圳市南山区', 8, 9, 29, '劳动合同', '本科', '信息管理与信息系统', '深圳大学', '2018-01-01', '在职', '00000021', 1, NULL, NULL, '2018-01-01', '2019-01-01', NULL, 1);
INSERT INTO `employee` VALUES (1372, '陈静3', '女', '1989-02-01', '421288198902011234', '已婚', 1, '海南', 1, 'chenjing@qq.com', '18795556693', '海南省海口市美兰区', 82, 12, 30, '劳动合同', '高中', '市场营销', '武汉大学', '2015-06-09', '在职', '00000022', 3, NULL, NULL, '2015-06-09', '2018-06-08', NULL, 1);
INSERT INTO `employee` VALUES (1373, '鹿存亮3', '男', '1990-01-03', '610122199001031456', '已婚', 1, '陕西', 3, 'zhao@qq.com', '15612347795', '陕西省西安市莲湖区', 92, 12, 34, '劳动合同', '高中', '电子工程', '哈尔滨理工大学', '2018-01-01', '在职', '00000024', 3.5, NULL, NULL, '2018-01-01', '2021-07-14', NULL, 1);
INSERT INTO `employee` VALUES (1374, '姚森3', '男', '1991-02-05', '610122199102058952', '已婚', 1, '河南', 3, 'yaosen@qq.com', '14785559936', '河南洛阳人民大道58号', 92, 15, 34, '劳动合同', '初中', '室内装修设计', '西北大学', '2017-01-02', '在职', '00000025', 7, NULL, NULL, '2017-01-02', '2024-01-17', NULL, 1);
INSERT INTO `employee` VALUES (1375, '云星3', '女', '1993-01-05', '610122199301054789', '已婚', 1, '陕西西安', 1, 'yunxing@qq.com', '15644442252', '陕西西安新城区', 92, 16, 34, '劳务合同', '硕士', '通信工程', '西安电子科技学校', '2018-01-01', '在职', '00000026', 5.25, NULL, NULL, '2018-01-01', '2023-04-13', NULL, 1);
INSERT INTO `employee` VALUES (1376, '贾旭明3', '男', '1993-11-11', '610122199311111234', '已婚', 1, '广东广州', 4, 'jiaxuming@qq.com', '15644441234', '广东省广州市天河区冼村路', 78, 15, 33, '劳务合同', '初中', '通信工程', '西北大学', '2018-01-01', '在职', '00000027', 5.25, NULL, NULL, '2018-01-01', '2023-04-13', NULL, 1);
INSERT INTO `employee` VALUES (1377, '张黎明3', '男', '1991-02-01', '610144199102014569', '已婚', 1, '广东', 6, 'zhangliming@qq.com', '18979994478', '广东珠海', 91, 15, 33, '劳动合同', '高中', '考古', '清华大学', '2018-01-01', '在职', '00000028', 7, NULL, NULL, '2018-01-01', '2025-01-30', NULL, 1);
INSERT INTO `employee` VALUES (1378, '薛磊3', '男', '1992-07-01', '610144199207017895', '已婚', 1, '陕西西安', 13, 'xuelei@qq.com', '15648887741', '西安市雁塔区', 92, 14, 34, '劳动合同', '初中', '无', '华胥中学', '2018-01-01', '在职', '00000029', 6, NULL, NULL, '2018-01-01', '2024-01-17', NULL, 1);
INSERT INTO `employee` VALUES (1379, '江南一点雨4', '男', '1990-01-01', '610122199001011256', '已婚', 1, '陕西', 13, 'laowang@qq.com', '18565558897', '深圳市南山区', 8, 9, 29, '劳动合同', '本科', '信息管理与信息系统', '深圳大学', '2018-01-01', '在职', '00000031', 1, NULL, NULL, '2018-01-01', '2019-01-01', NULL, 1);
INSERT INTO `employee` VALUES (1380, '陈静4', '女', '1989-02-01', '421288198902011234', '已婚', 1, '海南', 1, 'chenjing@qq.com', '18795556693', '海南省海口市美兰区', 82, 12, 30, '劳动合同', '高中', '市场营销', '武汉大学', '2015-06-09', '在职', '00000032', 3, NULL, NULL, '2015-06-09', '2018-06-08', NULL, 1);
INSERT INTO `employee` VALUES (1381, '赵琳浩4', '男', '1993-03-04', '610122199303041456', '未婚', 1, '陕西', 3, 'zhao@qq.com', '15698887795', '陕西省西安市莲湖区', 91, 12, 33, '劳动合同', '博士', '电子工程', '哈尔滨理工大学', '2018-01-01', '在职', '00000033', 3.5, NULL, NULL, '2018-01-01', '2021-07-14', NULL, 1);
INSERT INTO `employee` VALUES (1382, '鹿存亮4', '男', '1990-01-03', '610122199001031456', '已婚', 1, '陕西', 3, 'zhao@qq.com', '15612347795', '陕西省西安市莲湖区', 92, 12, 34, '劳动合同', '高中', '电子工程', '哈尔滨理工大学', '2018-01-01', '在职', '00000034', 3.5, NULL, NULL, '2018-01-01', '2021-07-14', NULL, 1);
INSERT INTO `employee` VALUES (1383, '姚森4', '男', '1991-02-05', '610122199102058952', '已婚', 1, '河南', 3, 'yaosen@qq.com', '14785559936', '河南洛阳人民大道58号', 92, 15, 34, '劳动合同', '初中', '室内装修设计', '西北大学', '2017-01-02', '在职', '00000035', 7, NULL, NULL, '2017-01-02', '2024-01-17', NULL, 1);
INSERT INTO `employee` VALUES (1384, '云星4', '女', '1993-01-05', '610122199301054789', '已婚', 1, '陕西西安', 1, 'yunxing@qq.com', '15644442252', '陕西西安新城区', 92, 16, 34, '劳务合同', '硕士', '通信工程', '西安电子科技学校', '2018-01-01', '在职', '00000036', 5.25, NULL, NULL, '2018-01-01', '2023-04-13', NULL, 1);
INSERT INTO `employee` VALUES (1385, '贾旭明4', '男', '1993-11-11', '610122199311111234', '已婚', 1, '广东广州', 4, 'jiaxuming@qq.com', '15644441234', '广东省广州市天河区冼村路', 78, 15, 33, '劳务合同', '初中', '通信工程', '西北大学', '2018-01-01', '在职', '00000037', 5.25, NULL, NULL, '2018-01-01', '2023-04-13', NULL, 1);
INSERT INTO `employee` VALUES (1411, '谢工', '女', '1970-01-01', '618177197001011234', '离异', 1, '江苏', 1, '584991843@qq.com', '18558887788', '北京', 91, 12, 29, '劳动合同', '本科', '计算机软件', '南华大学', '2018-01-01', '在职', '00000038', 5, '2019-01-01', NULL, '2018-01-01', '2023-01-01', NULL, 1);
INSERT INTO `employee` VALUES (1412, '林昭亮', '男', '1990-01-01', '610122199809091234', '已婚', 1, '广东', 13, '584991843@qq.com', '16767776654', '广东深圳', 91, 15, 33, '劳动合同', '大专', '计算机软件', '广东职业技术学院', '2018-01-01', '在职', '00000039', 5, '2018-04-01', NULL, '2018-01-01', '2023-01-01', NULL, 1);
INSERT INTO `employee` VALUES (1413, '11', '男', '2018-01-01', '610122201801011234', '已婚', 1, '1', 1, '584991843@qq.com', '111', '1', 89, 9, 29, '劳动合同', '本科', '1', '1', '2018-01-01', '在职', '00000040', 4, '2018-04-01', NULL, '2018-01-01', '2022-01-26', NULL, 1);
INSERT INTO `employee` VALUES (1414, '1', '男', '2018-01-01', '610188199809091234', '已婚', 1, '1', 1, '584991843@qq.com', '1', '1', 89, 9, 29, '劳动合同', '大专', '1', '1', '2018-01-31', '在职', '00000041', 1, '2018-01-31', NULL, '2018-01-31', '2019-01-31', NULL, 1);
INSERT INTO `employee` VALUES (1415, '1', '男', '2018-01-01', '610122199909090000', '已婚', 1, '1', 1, '584991843@qq.com', '1', '1', 78, 9, 29, '劳动合同', '大专', '1', '1', '2018-01-31', '在职', '00000042', 1, '2018-01-31', NULL, '2018-01-31', '2019-01-31', NULL, 1);
INSERT INTO `employee` VALUES (1416, '1', '男', '2018-01-01', '610122199909090000', '已婚', 1, '1', 1, '584991843@qq.com', '1', '1', 81, 9, 29, '劳动合同', '大专', '1', '1', '2018-01-31', '在职', '00000043', 0, '2018-01-31', NULL, '2018-01-31', '2018-01-31', NULL, 1);
INSERT INTO `employee` VALUES (1417, '1', '男', '2018-01-01', '610122199909099999', '已婚', 1, '1', 1, '584991843@qq.com', '1', '1', 87, 9, 29, '劳动合同', '大专', '1', '1', '2018-01-01', '在职', '00000044', 0, '2018-01-01', NULL, '2018-01-01', '2018-01-31', NULL, 1);
INSERT INTO `employee` VALUES (1418, '1', '男', '2018-01-01', '610122199909099999', '已婚', 1, '1', 1, '584991843@qq.com', '1', '1', 78, 9, 29, '劳动合同', '大专', '1', '1', '2018-01-01', '在职', '00000045', 0, '2018-01-01', NULL, '2018-01-01', '2018-01-31', NULL, 1);
INSERT INTO `employee` VALUES (1419, '林伯渠', '男', '2018-01-01', '610122199909099999', '未婚', 1, '1', 1, '584991843@qq.com', '1', '1', 8, 9, 29, '劳动合同', '大专', '1', '1', '2018-01-31', '在职', '00000046', 0, '2018-01-31', NULL, '2018-01-31', '2018-01-31', NULL, 1);
INSERT INTO `employee` VALUES (1420, '1', '男', '2018-01-01', '610122199909091234', '已婚', 1, '1', 1, '584991843@qq.com', '1', '1', 8, 9, 29, '劳动合同', '大专', '1', '1', '2018-01-31', '在职', '00000047', 0, '2018-01-31', NULL, '2018-01-31', '2018-01-31', NULL, 1);
INSERT INTO `employee` VALUES (1421, '江南一点雨', '男', '1990-01-01', '610122199001011256', '已婚', 1, '陕西', 13, 'laowang@qq.com', '18565558897', '深圳市南山区', 5, 9, 29, '劳务合同', '本科', '信息管理与信息系统', '深圳大学', '2018-01-01', '在职', '00000001', 2, NULL, NULL, '2018-01-01', '2020-01-01', NULL, 1);
INSERT INTO `employee` VALUES (1422, '陈静', '女', '1989-02-01', '421288198902011234', '已婚', 1, '海南', 1, 'chenjing@qq.com', '18795556693', '海南省海口市美兰区', 8, 12, 30, '劳动合同', '高中', '市场营销', '武汉大学', '2015-06-09', '在职', '00000002', 3, NULL, NULL, '2015-06-09', '2018-06-08', NULL, 1);
INSERT INTO `employee` VALUES (1423, '赵琳浩', '男', '1993-03-04', '610122199303041456', '未婚', 1, '陕西', 3, 'zhao@qq.com', '15698887795', '陕西省西安市莲湖区', 91, 12, 33, '劳动合同', '博士', '电子工程', '哈尔滨理工大学', '2018-01-01', '在职', '00000003', 3.5, NULL, NULL, '2018-01-01', '2021-07-14', NULL, 1);
INSERT INTO `employee` VALUES (1424, '鹿存亮', '男', '1990-01-03', '610122199001031456', '已婚', 1, '陕西', 3, 'zhao@qq.com', '15612347795', '陕西省西安市莲湖区', 92, 12, 34, '劳动合同', '高中', '电子工程', '哈尔滨理工大学', '2018-01-01', '在职', '00000004', 3.5, NULL, NULL, '2018-01-01', '2021-07-14', NULL, 1);
INSERT INTO `employee` VALUES (1425, '姚森', '男', '1991-02-05', '610122199102058952', '已婚', 1, '河南', 3, 'yaosen@qq.com', '14785559936', '河南洛阳人民大道58号', 92, 15, 34, '劳动合同', '硕士', '室内装修设计', '西北大学', '2017-01-02', '在职', '00000005', 7, NULL, NULL, '2017-01-02', '2024-01-17', NULL, 1);
INSERT INTO `employee` VALUES (1426, '云星', '女', '1993-01-05', '610122199301054789', '已婚', 1, '陕西西安', 1, 'yunxing@qq.com', '15644442252', '陕西西安新城区', 92, 16, 34, '劳务合同', '硕士', '通信工程', '西安电子科技学校', '2018-01-01', '在职', '00000006', 5.25, NULL, NULL, '2018-01-01', '2023-04-13', NULL, 1);
INSERT INTO `employee` VALUES (1427, '贾旭明', '男', '1993-11-11', '610122199311111234', '已婚', 1, '广东广州', 4, 'jiaxuming@qq.com', '15644441234', '广东省广州市天河区冼村路', 78, 15, 33, '劳务合同', '初中', '通信工程', '西北大学', '2018-01-01', '在职', '00000007', 5.25, NULL, NULL, '2018-01-01', '2023-04-13', NULL, 1);
INSERT INTO `employee` VALUES (1428, '张黎明', '男', '1991-02-01', '610144199102014569', '已婚', 1, '广东', 6, 'zhangliming@qq.com', '18979994478', '广东珠海', 91, 15, 33, '劳动合同', '高中', '考古', '清华大学', '2018-01-01', '在职', '00000008', 7, NULL, NULL, '2018-01-01', '2025-01-30', NULL, 1);
INSERT INTO `employee` VALUES (1429, '薛磊', '男', '1992-07-01', '610144199207017895', '已婚', 1, '陕西西安', 13, 'xuelei@qq.com', '15648887741', '西安市雁塔区', 92, 14, 34, '劳动合同', '初中', '无', '华胥中学', '2018-01-01', '在职', '00000009', 6, NULL, NULL, '2018-01-01', '2024-01-17', NULL, 1);
INSERT INTO `employee` VALUES (1430, '张洁', '女', '1990-10-09', '420177199010093652', '未婚', 1, '海南', 5, 'zhangjie@qq.com', '13695557742', '海口市美兰区', 92, 16, 34, '劳动合同', '高中', '无', '海南侨中', '2018-01-01', '在职', '00000010', 1, NULL, NULL, '2018-01-01', '2019-01-01', NULL, 1);
INSERT INTO `employee` VALUES (1431, '江南一点雨2', '男', '1990-01-01', '610122199001011256', '已婚', 1, '陕西', 13, 'laowang@qq.com', '18565558897', '深圳市南山区', 91, 9, 29, '劳动合同', '本科', '信息管理与信息系统', '深圳大学', '2018-01-01', '在职', '00000011', 1, NULL, NULL, '2018-01-01', '2019-01-01', NULL, 1);
INSERT INTO `employee` VALUES (1432, '陈静2', '女', '1989-02-01', '421288198902011234', '已婚', 1, '海南', 1, 'chenjing@qq.com', '18795556693', '海南省海口市美兰区', 82, 12, 30, '劳动合同', '高中', '市场营销', '武汉大学', '2015-06-09', '在职', '00000012', 3, NULL, NULL, '2015-06-09', '2018-06-08', NULL, 1);
INSERT INTO `employee` VALUES (1433, '赵琳浩2', '男', '1993-03-04', '610122199303041456', '未婚', 1, '陕西', 3, 'zhao@qq.com', '15698887795', '陕西省西安市莲湖区', 91, 12, 33, '劳动合同', '博士', '电子工程', '哈尔滨理工大学', '2018-01-01', '在职', '00000013', 3.5, NULL, NULL, '2018-01-01', '2021-07-14', NULL, 1);
INSERT INTO `employee` VALUES (1434, '鹿存亮2', '男', '1990-01-03', '610122199001031456', '已婚', 1, '陕西', 3, 'zhao@qq.com', '15612347795', '陕西省西安市莲湖区', 92, 12, 34, '劳动合同', '高中', '电子工程', '哈尔滨理工大学', '2018-01-01', '在职', '00000014', 3.5, NULL, NULL, '2018-01-01', '2021-07-14', NULL, 1);
INSERT INTO `employee` VALUES (1435, '姚森2', '男', '1991-02-05', '610122199102058952', '已婚', 1, '河南', 3, 'yaosen@qq.com', '14785559936', '河南洛阳人民大道58号', 92, 15, 34, '劳动合同', '初中', '室内装修设计', '西北大学', '2017-01-02', '在职', '00000015', 7, NULL, NULL, '2017-01-02', '2024-01-17', NULL, 1);
INSERT INTO `employee` VALUES (1436, '云星2', '女', '1993-01-05', '610122199301054789', '已婚', 1, '陕西西安', 1, 'yunxing@qq.com', '15644442252', '陕西西安新城区', 92, 16, 34, '劳务合同', '硕士', '通信工程', '西安电子科技学校', '2018-01-01', '在职', '00000016', 5.25, NULL, NULL, '2018-01-01', '2023-04-13', NULL, 1);
INSERT INTO `employee` VALUES (1437, '贾旭明2', '男', '1993-11-11', '610122199311111234', '已婚', 1, '广东广州', 4, 'jiaxuming@qq.com', '15644441234', '广东省广州市天河区冼村路', 78, 15, 33, '劳务合同', '初中', '通信工程', '西北大学', '2018-01-01', '在职', '00000017', 5.25, NULL, NULL, '2018-01-01', '2023-04-13', NULL, 1);
INSERT INTO `employee` VALUES (1438, '王一亭', '男', '1991-02-01', '610144199102014569', '已婚', 1, '广东', 6, 'zhangliming@qq.com', '18979994478', '广东珠海', 91, 15, 33, '劳动合同', '高中', '考古', '清华大学', '2018-01-01', '在职', '00000018', 7, NULL, NULL, '2018-01-01', '2025-01-30', NULL, 1);
INSERT INTO `employee` VALUES (1439, '薛磊2', '男', '1992-07-01', '610144199207017895', '已婚', 1, '陕西西安', 13, 'xuelei@qq.com', '15648887741', '西安市雁塔区', 92, 14, 34, '劳动合同', '初中', '无', '华胥中学', '2018-01-01', '在职', '00000019', 1, NULL, NULL, '2018-01-01', '2019-01-01', NULL, 1);
INSERT INTO `employee` VALUES (1440, '张洁2', '女', '1990-10-09', '420177199010093652', '未婚', 1, '海南', 5, 'zhangjie@qq.com', '13695557742', '海口市美兰区', 92, 16, 34, '劳动合同', '高中', '无', '海南侨中', '2018-01-01', '在职', '00000020', 1, NULL, NULL, '2018-01-01', '2019-01-01', NULL, 1);
INSERT INTO `employee` VALUES (1441, '江南一点雨3', '男', '1990-01-01', '610122199001011256', '已婚', 1, '陕西', 13, 'laowang@qq.com', '18565558897', '深圳市南山区', 8, 9, 29, '劳动合同', '本科', '信息管理与信息系统', '深圳大学', '2018-01-01', '在职', '00000021', 1, NULL, NULL, '2018-01-01', '2019-01-01', NULL, 1);
INSERT INTO `employee` VALUES (1442, '陈静3', '女', '1989-02-01', '421288198902011234', '已婚', 1, '海南', 1, 'chenjing@qq.com', '18795556693', '海南省海口市美兰区', 82, 12, 30, '劳动合同', '高中', '市场营销', '武汉大学', '2015-06-09', '在职', '00000022', 3, NULL, NULL, '2015-06-09', '2018-06-08', NULL, 1);
INSERT INTO `employee` VALUES (1443, '鹿存亮3', '男', '1990-01-03', '610122199001031456', '已婚', 1, '陕西', 3, 'zhao@qq.com', '15612347795', '陕西省西安市莲湖区', 92, 12, 34, '劳动合同', '高中', '电子工程', '哈尔滨理工大学', '2018-01-01', '在职', '00000024', 3.5, NULL, NULL, '2018-01-01', '2021-07-14', NULL, 1);
INSERT INTO `employee` VALUES (1444, '姚森3', '男', '1991-02-05', '610122199102058952', '已婚', 1, '河南', 3, 'yaosen@qq.com', '14785559936', '河南洛阳人民大道58号', 92, 15, 34, '劳动合同', '初中', '室内装修设计', '西北大学', '2017-01-02', '在职', '00000025', 7, NULL, NULL, '2017-01-02', '2024-01-17', NULL, 1);
INSERT INTO `employee` VALUES (1445, '云星3', '女', '1993-01-05', '610122199301054789', '已婚', 1, '陕西西安', 1, 'yunxing@qq.com', '15644442252', '陕西西安新城区', 92, 16, 34, '劳务合同', '硕士', '通信工程', '西安电子科技学校', '2018-01-01', '在职', '00000026', 5.25, NULL, NULL, '2018-01-01', '2023-04-13', NULL, 1);
INSERT INTO `employee` VALUES (1446, '贾旭明3', '男', '1993-11-11', '610122199311111234', '已婚', 1, '广东广州', 4, 'jiaxuming@qq.com', '15644441234', '广东省广州市天河区冼村路', 78, 15, 33, '劳务合同', '初中', '通信工程', '西北大学', '2018-01-01', '在职', '00000027', 5.25, NULL, NULL, '2018-01-01', '2023-04-13', NULL, 1);
INSERT INTO `employee` VALUES (1447, '张黎明3', '男', '1991-02-01', '610144199102014569', '已婚', 1, '广东', 6, 'zhangliming@qq.com', '18979994478', '广东珠海', 91, 15, 33, '劳动合同', '高中', '考古', '清华大学', '2018-01-01', '在职', '00000028', 7, NULL, NULL, '2018-01-01', '2025-01-30', NULL, 1);
INSERT INTO `employee` VALUES (1448, '薛磊3', '男', '1992-07-01', '610144199207017895', '已婚', 1, '陕西西安', 13, 'xuelei@qq.com', '15648887741', '西安市雁塔区', 92, 14, 34, '劳动合同', '初中', '无', '华胥中学', '2018-01-01', '在职', '00000029', 6, NULL, NULL, '2018-01-01', '2024-01-17', NULL, 1);
INSERT INTO `employee` VALUES (1449, '江南一点雨4', '男', '1990-01-01', '610122199001011256', '已婚', 1, '陕西', 13, 'laowang@qq.com', '18565558897', '深圳市南山区', 8, 9, 29, '劳动合同', '本科', '信息管理与信息系统', '深圳大学', '2018-01-01', '在职', '00000031', 1, NULL, NULL, '2018-01-01', '2019-01-01', NULL, 1);
INSERT INTO `employee` VALUES (1450, '陈静4', '女', '1989-02-01', '421288198902011234', '已婚', 1, '海南', 1, 'chenjing@qq.com', '18795556693', '海南省海口市美兰区', 82, 12, 30, '劳动合同', '高中', '市场营销', '武汉大学', '2015-06-09', '在职', '00000032', 3, NULL, NULL, '2015-06-09', '2018-06-08', NULL, 1);
INSERT INTO `employee` VALUES (1451, '赵琳浩4', '男', '1993-03-04', '610122199303041456', '未婚', 1, '陕西', 3, 'zhao@qq.com', '15698887795', '陕西省西安市莲湖区', 91, 12, 33, '劳动合同', '博士', '电子工程', '哈尔滨理工大学', '2018-01-01', '在职', '00000033', 3.5, NULL, NULL, '2018-01-01', '2021-07-14', NULL, 1);
INSERT INTO `employee` VALUES (1452, '鹿存亮4', '男', '1990-01-03', '610122199001031456', '已婚', 1, '陕西', 3, 'zhao@qq.com', '15612347795', '陕西省西安市莲湖区', 92, 12, 34, '劳动合同', '高中', '电子工程', '哈尔滨理工大学', '2018-01-01', '在职', '00000034', 3.5, NULL, NULL, '2018-01-01', '2021-07-14', NULL, 1);
INSERT INTO `employee` VALUES (1453, '姚森4', '男', '1991-02-05', '610122199102058952', '已婚', 1, '河南', 3, 'yaosen@qq.com', '14785559936', '河南洛阳人民大道58号', 92, 15, 34, '劳动合同', '初中', '室内装修设计', '西北大学', '2017-01-02', '在职', '00000035', 7, NULL, NULL, '2017-01-02', '2024-01-17', NULL, 1);
INSERT INTO `employee` VALUES (1454, '云星4', '女', '1993-01-05', '610122199301054789', '已婚', 1, '陕西西安', 1, 'yunxing@qq.com', '15644442252', '陕西西安新城区', 92, 16, 34, '劳务合同', '硕士', '通信工程', '西安电子科技学校', '2018-01-01', '在职', '00000036', 5.25, NULL, NULL, '2018-01-01', '2023-04-13', NULL, 1);
INSERT INTO `employee` VALUES (1455, '贾旭明4', '男', '1993-11-11', '610122199311111234', '已婚', 1, '广东广州', 4, 'jiaxuming@qq.com', '15644441234', '广东省广州市天河区冼村路', 78, 15, 33, '劳务合同', '初中', '通信工程', '西北大学', '2018-01-01', '在职', '00000037', 5.25, NULL, NULL, '2018-01-01', '2023-04-13', NULL, 1);
INSERT INTO `employee` VALUES (1456, '张黎明2', '男', '1991-02-01', '610144199102014569', '已婚', 1, '广东', 6, 'zhangliming@qq.com', '18979994478', '广东珠海', 91, 15, 33, '劳动合同', '高中', '考古', '清华大学', '2018-01-01', '在职', '00000038', 7, NULL, NULL, '2018-01-01', '2025-01-30', NULL, 1);
INSERT INTO `employee` VALUES (1457, '薛磊4', '男', '1992-07-01', '610144199207017895', '已婚', 1, '陕西西安', 13, 'xuelei@qq.com', '15648887741', '西安市雁塔区', 92, 14, 34, '劳动合同', '初中', '无', '华胥中学', '2018-01-01', '在职', '00000039', 6, NULL, NULL, '2018-01-01', '2024-01-17', NULL, 1);
INSERT INTO `employee` VALUES (1458, '张洁4', '女', '1990-10-09', '420177199010093652', '未婚', 1, '海南', 5, 'zhangjie@qq.com', '13695557742', '海口市美兰区', 92, 16, 34, '劳动合同', '高中', '无', '海南侨中', '2018-01-01', '在职', '00000040', 1, NULL, NULL, '2018-01-01', '2019-01-01', NULL, 1);
INSERT INTO `employee` VALUES (1459, '江南一点雨5', '男', '1990-01-01', '610122199001011256', '已婚', 1, '陕西', 13, 'laowang@qq.com', '18565558897', '深圳市南山区', 8, 9, 29, '劳动合同', '本科', '信息管理与信息系统', '深圳大学', '2018-01-01', '在职', '00000041', 1, NULL, NULL, '2018-01-01', '2019-01-01', NULL, 1);
INSERT INTO `employee` VALUES (1460, '陈静5', '女', '1989-02-01', '421288198902011234', '已婚', 1, '海南', 1, 'chenjing@qq.com', '18795556693', '海南省海口市美兰区', 82, 12, 30, '劳动合同', '高中', '市场营销', '武汉大学', '2015-06-09', '在职', '00000042', 3, NULL, NULL, '2015-06-09', '2018-06-08', NULL, 1);
INSERT INTO `employee` VALUES (1461, '赵琳浩5', '男', '1993-03-04', '610122199303041456', '未婚', 1, '陕西', 3, 'zhao@qq.com', '15698887795', '陕西省西安市莲湖区', 91, 12, 33, '劳动合同', '博士', '电子工程', '哈尔滨理工大学', '2018-01-01', '在职', '00000043', 3.5, NULL, NULL, '2018-01-01', '2021-07-14', NULL, 1);
INSERT INTO `employee` VALUES (1462, '鹿存亮5', '男', '1990-01-03', '610122199001031456', '已婚', 1, '陕西', 3, 'zhao@qq.com', '15612347795', '陕西省西安市莲湖区', 92, 12, 34, '劳动合同', '高中', '电子工程', '哈尔滨理工大学', '2018-01-01', '在职', '00000044', 3.5, NULL, NULL, '2018-01-01', '2021-07-14', NULL, 1);
INSERT INTO `employee` VALUES (1463, '姚森5', '男', '1991-02-05', '610122199102058952', '已婚', 1, '河南', 3, 'yaosen@qq.com', '14785559936', '河南洛阳人民大道58号', 92, 15, 34, '劳动合同', '初中', '室内装修设计', '西北大学', '2017-01-02', '在职', '00000045', 7, NULL, NULL, '2017-01-02', '2024-01-17', NULL, 1);
INSERT INTO `employee` VALUES (1464, '云星5', '女', '1993-01-05', '610122199301054789', '已婚', 1, '陕西西安', 1, 'yunxing@qq.com', '15644442252', '陕西西安新城区', 92, 16, 34, '劳务合同', '硕士', '通信工程', '西安电子科技学校', '2018-01-01', '在职', '00000046', 5.25, NULL, NULL, '2018-01-01', '2023-04-13', NULL, 1);
INSERT INTO `employee` VALUES (1465, '贾旭明5', '男', '1993-11-11', '610122199311111234', '已婚', 1, '广东广州', 4, 'jiaxuming@qq.com', '15644441234', '广东省广州市天河区冼村路', 78, 15, 33, '劳务合同', '初中', '通信工程', '西北大学', '2018-01-01', '在职', '00000047', 5.25, NULL, NULL, '2018-01-01', '2023-04-13', NULL, 1);
INSERT INTO `employee` VALUES (1466, '张黎明5', '男', '1991-02-01', '610144199102014569', '已婚', 1, '广东', 6, 'zhangliming@qq.com', '18979994478', '广东珠海', 91, 15, 33, '劳动合同', '高中', '考古', '清华大学', '2018-01-01', '在职', '00000048', 7, NULL, NULL, '2018-01-01', '2025-01-30', NULL, 1);
INSERT INTO `employee` VALUES (1467, '薛磊5', '男', '1992-07-01', '610144199207017895', '已婚', 1, '陕西西安', 13, 'xuelei@qq.com', '15648887741', '西安市雁塔区', 92, 14, 34, '劳动合同', '初中', '无', '华胥中学', '2018-01-01', '在职', '00000049', 6, NULL, NULL, '2018-01-01', '2024-01-17', NULL, 1);
INSERT INTO `employee` VALUES (1468, '张洁5', '女', '1990-10-09', '420177199010093652', '未婚', 1, '海南', 5, 'zhangjie@qq.com', '13695557742', '海口市美兰区', 92, 16, 34, '劳动合同', '高中', '无', '海南侨中', '2018-01-01', '在职', '00000050', 1, NULL, NULL, '2018-01-01', '2019-01-01', NULL, 1);
INSERT INTO `employee` VALUES (1469, '江南一点雨6', '男', '1990-01-01', '610122199001011256', '已婚', 1, '陕西', 13, 'laowang@qq.com', '18565558897', '深圳市南山区', 8, 9, 29, '劳动合同', '本科', '信息管理与信息系统', '深圳大学', '2018-01-01', '在职', '00000051', 1, NULL, NULL, '2018-01-01', '2019-01-01', NULL, 1);
INSERT INTO `employee` VALUES (1470, '陈静6', '女', '1989-02-01', '421288198902011234', '已婚', 1, '海南', 1, 'chenjing@qq.com', '18795556693', '海南省海口市美兰区', 82, 12, 30, '劳动合同', '高中', '市场营销', '武汉大学', '2015-06-09', '在职', '00000052', 3, NULL, NULL, '2015-06-09', '2018-06-08', NULL, 1);
INSERT INTO `employee` VALUES (1471, '赵琳浩6', '男', '1993-03-04', '610122199303041456', '未婚', 1, '陕西', 3, 'zhao@qq.com', '15698887795', '陕西省西安市莲湖区', 91, 12, 33, '劳动合同', '博士', '电子工程', '哈尔滨理工大学', '2018-01-01', '在职', '00000053', 3.5, NULL, NULL, '2018-01-01', '2021-07-14', NULL, 1);
INSERT INTO `employee` VALUES (1472, '鹿存亮6', '男', '1990-01-03', '610122199001031456', '已婚', 1, '陕西', 3, 'zhao@qq.com', '15612347795', '陕西省西安市莲湖区', 92, 12, 34, '劳动合同', '高中', '电子工程', '哈尔滨理工大学', '2018-01-01', '在职', '00000054', 3.5, NULL, NULL, '2018-01-01', '2021-07-14', NULL, 1);
INSERT INTO `employee` VALUES (1473, '姚森6', '男', '1991-02-05', '610122199102058952', '已婚', 1, '河南', 3, 'yaosen@qq.com', '14785559936', '河南洛阳人民大道58号', 92, 15, 34, '劳动合同', '初中', '室内装修设计', '西北大学', '2017-01-02', '在职', '00000055', 7, NULL, NULL, '2017-01-02', '2024-01-17', NULL, 1);
INSERT INTO `employee` VALUES (1474, '云星6', '女', '1993-01-05', '610122199301054789', '已婚', 1, '陕西西安', 1, 'yunxing@qq.com', '15644442252', '陕西西安新城区', 92, 16, 34, '劳务合同', '硕士', '通信工程', '西安电子科技学校', '2018-01-01', '在职', '00000056', 5.25, NULL, NULL, '2018-01-01', '2023-04-13', NULL, 1);
INSERT INTO `employee` VALUES (1475, '江南一点雨', '男', '1990-01-01', '610122199001011256', '已婚', 1, '陕西', 13, 'laowang@qq.com', '18565558897', '深圳市南山区', 8, 9, 29, '劳动合同', '本科', '信息管理与信息系统', '深圳大学', '2018-01-01', '在职', '00000001', 1, NULL, NULL, '2018-01-01', '2019-01-01', NULL, 1);
INSERT INTO `employee` VALUES (1476, '陈静', '女', '1989-02-01', '421288198902011234', '已婚', 1, '海南', 1, 'chenjing@qq.com', '18795556693', '海南省海口市美兰区', 82, 12, 30, '劳动合同', '高中', '市场营销', '武汉大学', '2015-06-09', '在职', '00000002', 3, NULL, NULL, '2015-06-09', '2018-06-08', NULL, 1);
INSERT INTO `employee` VALUES (1477, '赵琳浩', '男', '1993-03-04', '610122199303041456', '未婚', 1, '陕西', 3, 'zhao@qq.com', '15698887795', '陕西省西安市莲湖区', 91, 12, 33, '劳动合同', '博士', '电子工程', '哈尔滨理工大学', '2018-01-01', '在职', '00000003', 3.5, NULL, NULL, '2018-01-01', '2021-07-14', NULL, 1);
INSERT INTO `employee` VALUES (1478, '鹿存亮', '男', '1990-01-03', '610122199001031456', '已婚', 1, '陕西', 3, 'zhao@qq.com', '15612347795', '陕西省西安市莲湖区', 92, 12, 34, '劳动合同', '高中', '电子工程', '哈尔滨理工大学', '2018-01-01', '在职', '00000004', 3.5, NULL, NULL, '2018-01-01', '2021-07-14', NULL, 1);
INSERT INTO `employee` VALUES (1479, '姚森', '男', '1991-02-05', '610122199102058952', '已婚', 1, '河南', 3, 'yaosen@qq.com', '14785559936', '河南洛阳人民大道58号', 92, 15, 34, '劳动合同', '初中', '室内装修设计', '西北大学', '2017-01-02', '在职', '00000005', 7, NULL, NULL, '2017-01-02', '2024-01-17', NULL, 1);
INSERT INTO `employee` VALUES (1480, '贾旭明', '男', '1993-11-11', '610122199311111234', '已婚', 1, '广东广州', 4, 'jiaxuming@qq.com', '15644441234', '广东省广州市天河区冼村路', 78, 15, 33, '劳务合同', '初中', '通信工程', '西北大学', '2018-01-01', '在职', '00000007', 5.25, NULL, NULL, '2018-01-01', '2023-04-13', NULL, 1);
INSERT INTO `employee` VALUES (1481, '张黎明', '男', '1991-02-01', '610144199102014569', '已婚', 1, '广东', 6, 'zhangliming@qq.com', '18979994478', '广东珠海', 91, 15, 33, '劳动合同', '高中', '考古', '清华大学', '2018-01-01', '在职', '00000008', 7, NULL, NULL, '2018-01-01', '2025-01-30', NULL, 1);
INSERT INTO `employee` VALUES (1482, '薛磊', '男', '1992-07-01', '610144199207017895', '已婚', 1, '陕西西安', 13, 'xuelei@qq.com', '15648887741', '西安市雁塔区', 92, 14, 34, '劳动合同', '初中', '无', '华胥中学', '2018-01-01', '在职', '00000009', 6, NULL, NULL, '2018-01-01', '2024-01-17', NULL, 1);
INSERT INTO `employee` VALUES (1483, '张洁', '女', '1990-10-09', '420177199010093652', '未婚', 1, '海南', 5, 'zhangjie@qq.com', '13695557742', '海口市美兰区', 92, 16, 34, '劳动合同', '高中', '无', '海南侨中', '2018-01-01', '在职', '00000010', 1, NULL, NULL, '2018-01-01', '2019-01-01', NULL, 1);
INSERT INTO `employee` VALUES (1484, '江南一点雨2', '男', '1990-01-01', '610122199001011256', '已婚', 1, '陕西', 13, 'laowang@qq.com', '18565558897', '深圳市南山区', 8, 9, 29, '劳动合同', '本科', '信息管理与信息系统', '深圳大学', '2018-01-01', '在职', '00000011', 1, NULL, NULL, '2018-01-01', '2019-01-01', NULL, 1);
INSERT INTO `employee` VALUES (1485, '陈静2', '女', '1989-02-01', '421288198902011234', '已婚', 1, '海南', 1, 'chenjing@qq.com', '18795556693', '海南省海口市美兰区', 82, 12, 30, '劳动合同', '高中', '市场营销', '武汉大学', '2015-06-09', '在职', '00000012', 3, NULL, NULL, '2015-06-09', '2018-06-08', NULL, 1);
INSERT INTO `employee` VALUES (1486, '赵琳浩2', '男', '1993-03-04', '610122199303041456', '未婚', 1, '陕西', 3, 'zhao@qq.com', '15698887795', '陕西省西安市莲湖区', 91, 12, 33, '劳动合同', '博士', '电子工程', '哈尔滨理工大学', '2018-01-01', '在职', '00000013', 3.5, NULL, NULL, '2018-01-01', '2021-07-14', NULL, 1);
INSERT INTO `employee` VALUES (1487, '鹿存亮2', '男', '1990-01-03', '610122199001031456', '已婚', 1, '陕西', 3, 'zhao@qq.com', '15612347795', '陕西省西安市莲湖区', 92, 12, 34, '劳动合同', '高中', '电子工程', '哈尔滨理工大学', '2018-01-01', '在职', '00000014', 3.5, NULL, NULL, '2018-01-01', '2021-07-14', NULL, 1);
INSERT INTO `employee` VALUES (1488, '姚森2', '男', '1991-02-05', '610122199102058952', '已婚', 1, '河南', 3, 'yaosen@qq.com', '14785559936', '河南洛阳人民大道58号', 92, 15, 34, '劳动合同', '初中', '室内装修设计', '西北大学', '2017-01-02', '在职', '00000015', 7, NULL, NULL, '2017-01-02', '2024-01-17', NULL, 1);
INSERT INTO `employee` VALUES (1489, '云星2', '女', '1993-01-05', '610122199301054789', '已婚', 1, '陕西西安', 1, 'yunxing@qq.com', '15644442252', '陕西西安新城区', 92, 16, 34, '劳务合同', '硕士', '通信工程', '西安电子科技学校', '2018-01-01', '在职', '00000016', 5.25, NULL, NULL, '2018-01-01', '2023-04-13', NULL, 1);
INSERT INTO `employee` VALUES (1490, '贾旭明2', '男', '1993-11-11', '610122199311111234', '已婚', 1, '广东广州', 4, 'jiaxuming@qq.com', '15644441234', '广东省广州市天河区冼村路', 78, 15, 33, '劳务合同', '初中', '通信工程', '西北大学', '2018-01-01', '在职', '00000017', 5.25, NULL, NULL, '2018-01-01', '2023-04-13', NULL, 1);
INSERT INTO `employee` VALUES (1491, '王一亭', '男', '1991-02-01', '610144199102014569', '已婚', 1, '广东', 6, 'zhangliming@qq.com', '18979994478', '广东珠海', 91, 15, 33, '劳动合同', '高中', '考古', '清华大学', '2018-01-01', '在职', '00000018', 7, NULL, NULL, '2018-01-01', '2025-01-30', NULL, 1);
INSERT INTO `employee` VALUES (1492, '薛磊2', '男', '1992-07-01', '610144199207017895', '已婚', 1, '陕西西安', 13, 'xuelei@qq.com', '15648887741', '西安市雁塔区', 92, 14, 34, '劳动合同', '初中', '无', '华胥中学', '2018-01-01', '在职', '00000019', 1, NULL, NULL, '2018-01-01', '2019-01-01', NULL, 1);
INSERT INTO `employee` VALUES (1493, '张洁2', '女', '1990-10-09', '420177199010093652', '未婚', 1, '海南', 5, 'zhangjie@qq.com', '13695557742', '海口市美兰区', 92, 16, 34, '劳动合同', '高中', '无', '海南侨中', '2018-01-01', '在职', '00000020', 1, NULL, NULL, '2018-01-01', '2019-01-01', NULL, 1);
INSERT INTO `employee` VALUES (1494, '江南一点雨3', '男', '1990-01-01', '610122199001011256', '已婚', 1, '陕西', 13, 'laowang@qq.com', '18565558897', '深圳市南山区', 8, 9, 29, '劳动合同', '本科', '信息管理与信息系统', '深圳大学', '2018-01-01', '在职', '00000021', 1, NULL, NULL, '2018-01-01', '2019-01-01', NULL, 1);
INSERT INTO `employee` VALUES (1495, '陈静3', '女', '1989-02-01', '421288198902011234', '已婚', 1, '海南', 1, 'chenjing@qq.com', '18795556693', '海南省海口市美兰区', 82, 12, 30, '劳动合同', '高中', '市场营销', '武汉大学', '2015-06-09', '在职', '00000022', 3, NULL, NULL, '2015-06-09', '2018-06-08', NULL, 1);
INSERT INTO `employee` VALUES (1496, '鹿存亮3', '男', '1990-01-03', '610122199001031456', '已婚', 1, '陕西', 3, 'zhao@qq.com', '15612347795', '陕西省西安市莲湖区', 92, 12, 34, '劳动合同', '高中', '电子工程', '哈尔滨理工大学', '2018-01-01', '在职', '00000024', 3.5, NULL, NULL, '2018-01-01', '2021-07-14', NULL, 1);
INSERT INTO `employee` VALUES (1497, '姚森3', '男', '1991-02-05', '610122199102058952', '已婚', 1, '河南', 3, 'yaosen@qq.com', '14785559936', '河南洛阳人民大道58号', 92, 15, 34, '劳动合同', '初中', '室内装修设计', '西北大学', '2017-01-02', '在职', '00000025', 7, NULL, NULL, '2017-01-02', '2024-01-17', NULL, 1);
INSERT INTO `employee` VALUES (1498, '云星3', '女', '1993-01-05', '610122199301054789', '已婚', 1, '陕西西安', 1, 'yunxing@qq.com', '15644442252', '陕西西安新城区', 92, 16, 34, '劳务合同', '硕士', '通信工程', '西安电子科技学校', '2018-01-01', '在职', '00000026', 5.25, NULL, NULL, '2018-01-01', '2023-04-13', NULL, 1);
INSERT INTO `employee` VALUES (1499, '贾旭明3', '男', '1993-11-11', '610122199311111234', '已婚', 1, '广东广州', 4, 'jiaxuming@qq.com', '15644441234', '广东省广州市天河区冼村路', 78, 15, 33, '劳务合同', '初中', '通信工程', '西北大学', '2018-01-01', '在职', '00000027', 5.25, NULL, NULL, '2018-01-01', '2023-04-13', NULL, 1);
INSERT INTO `employee` VALUES (1500, '张黎明3', '男', '1991-02-01', '610144199102014569', '已婚', 1, '广东', 6, 'zhangliming@qq.com', '18979994478', '广东珠海', 91, 15, 33, '劳动合同', '高中', '考古', '清华大学', '2018-01-01', '在职', '00000028', 7, NULL, NULL, '2018-01-01', '2025-01-30', NULL, 1);
INSERT INTO `employee` VALUES (1501, '薛磊3', '男', '1992-07-01', '610144199207017895', '已婚', 1, '陕西西安', 13, 'xuelei@qq.com', '15648887741', '西安市雁塔区', 92, 14, 34, '劳动合同', '初中', '无', '华胥中学', '2018-01-01', '在职', '00000029', 6, NULL, NULL, '2018-01-01', '2024-01-17', NULL, 1);
INSERT INTO `employee` VALUES (1502, '江南一点雨4', '男', '1990-01-01', '610122199001011256', '已婚', 1, '陕西', 13, 'laowang@qq.com', '18565558897', '深圳市南山区', 8, 9, 29, '劳动合同', '本科', '信息管理与信息系统', '深圳大学', '2018-01-01', '在职', '00000031', 1, NULL, NULL, '2018-01-01', '2019-01-01', NULL, 1);
INSERT INTO `employee` VALUES (1503, '陈静4', '女', '1989-02-01', '421288198902011234', '已婚', 1, '海南', 1, 'chenjing@qq.com', '18795556693', '海南省海口市美兰区', 82, 12, 30, '劳动合同', '高中', '市场营销', '武汉大学', '2015-06-09', '在职', '00000032', 3, NULL, NULL, '2015-06-09', '2018-06-08', NULL, 1);
INSERT INTO `employee` VALUES (1504, '赵琳浩4', '男', '1993-03-04', '610122199303041456', '未婚', 1, '陕西', 3, 'zhao@qq.com', '15698887795', '陕西省西安市莲湖区', 91, 12, 33, '劳动合同', '博士', '电子工程', '哈尔滨理工大学', '2018-01-01', '在职', '00000033', 3.5, NULL, NULL, '2018-01-01', '2021-07-14', NULL, 1);
INSERT INTO `employee` VALUES (1505, '鹿存亮4', '男', '1990-01-03', '610122199001031456', '已婚', 1, '陕西', 3, 'zhao@qq.com', '15612347795', '陕西省西安市莲湖区', 92, 12, 34, '劳动合同', '高中', '电子工程', '哈尔滨理工大学', '2018-01-01', '在职', '00000034', 3.5, NULL, NULL, '2018-01-01', '2021-07-14', NULL, 1);
INSERT INTO `employee` VALUES (1506, '姚森4', '男', '1991-02-05', '610122199102058952', '已婚', 1, '河南', 3, 'yaosen@qq.com', '14785559936', '河南洛阳人民大道58号', 92, 15, 34, '劳动合同', '初中', '室内装修设计', '西北大学', '2017-01-02', '在职', '00000035', 7, NULL, NULL, '2017-01-02', '2024-01-17', NULL, 1);
INSERT INTO `employee` VALUES (1507, '云星4', '女', '1993-01-05', '610122199301054789', '已婚', 1, '陕西西安', 1, 'yunxing@qq.com', '15644442252', '陕西西安新城区', 92, 16, 34, '劳务合同', '硕士', '通信工程', '西安电子科技学校', '2018-01-01', '在职', '00000036', 5.25, NULL, NULL, '2018-01-01', '2023-04-13', NULL, 1);
INSERT INTO `employee` VALUES (1508, '贾旭明4', '男', '1993-11-11', '610122199311111234', '已婚', 1, '广东广州', 4, 'jiaxuming@qq.com', '15644441234', '广东省广州市天河区冼村路', 78, 15, 33, '劳务合同', '初中', '通信工程', '西北大学', '2018-01-01', '在职', '00000037', 5.25, NULL, NULL, '2018-01-01', '2023-04-13', NULL, 1);
INSERT INTO `employee` VALUES (1509, '谢工', '女', '1970-01-01', '618177197001011234', '离异', 1, '江苏', 1, '584991843@qq.com', '18558887788', '北京', 91, 12, 29, '劳动合同', '本科', '计算机软件', '南华大学', '2018-01-01', '在职', '00000038', 5, NULL, NULL, '2018-01-01', '2023-01-01', NULL, 1);
INSERT INTO `employee` VALUES (1510, '林昭亮', '男', '1990-01-01', '610122199809091234', '已婚', 1, '广东', 13, '584991843@qq.com', '16767776654', '广东深圳', 91, 15, 33, '劳动合同', '大专', '计算机软件', '广东职业技术学院', '2018-01-01', '在职', '00000039', 5, NULL, NULL, '2018-01-01', '2023-01-01', NULL, 1);
INSERT INTO `employee` VALUES (1511, '11', '男', '2018-01-01', '610122201801011234', '已婚', 1, '1', 1, '584991843@qq.com', '111', '1', 89, 9, 29, '劳动合同', '本科', '1', '1', '2018-01-01', '在职', '00000040', 4, NULL, NULL, '2018-01-01', '2022-01-26', NULL, 1);
INSERT INTO `employee` VALUES (1512, '1', '男', '2018-01-01', '610188199809091234', '已婚', 1, '1', 1, '584991843@qq.com', '1', '1', 89, 9, 29, '劳动合同', '大专', '1', '1', '2018-01-31', '在职', '00000041', 1, NULL, NULL, '2018-01-31', '2019-01-31', NULL, 1);
INSERT INTO `employee` VALUES (1513, '1', '男', '2018-01-01', '610122199909090000', '已婚', 1, '1', 1, '584991843@qq.com', '1', '1', 78, 9, 29, '劳动合同', '大专', '1', '1', '2018-01-31', '在职', '00000042', 1, NULL, NULL, '2018-01-31', '2019-01-31', NULL, 1);
INSERT INTO `employee` VALUES (1514, '1', '男', '2018-01-01', '610122199909090000', '已婚', 1, '1', 1, '584991843@qq.com', '1', '1', 81, 9, 29, '劳动合同', '大专', '1', '1', '2018-01-31', '在职', '00000043', 0, NULL, NULL, '2018-01-31', '2018-01-31', NULL, 1);
INSERT INTO `employee` VALUES (1515, '1', '男', '2018-01-01', '610122199909099999', '已婚', 1, '1', 1, '584991843@qq.com', '1', '1', 87, 9, 29, '劳动合同', '大专', '1', '1', '2018-01-01', '在职', '00000044', 0, NULL, NULL, '2018-01-01', '2018-01-31', NULL, 1);
INSERT INTO `employee` VALUES (1516, '1', '男', '2018-01-01', '610122199909099999', '已婚', 1, '1', 1, '584991843@qq.com', '1', '1', 78, 9, 29, '劳动合同', '大专', '1', '1', '2018-01-01', '在职', '00000045', 0, NULL, NULL, '2018-01-01', '2018-01-31', NULL, 1);
INSERT INTO `employee` VALUES (1517, '林伯渠', '男', '2018-01-01', '610122199909099999', '未婚', 1, '1', 1, '584991843@qq.com', '1', '1', 8, 9, 29, '劳动合同', '大专', '1', '1', '2018-01-31', '在职', '00000046', 0, NULL, NULL, '2018-01-31', '2018-01-31', NULL, 1);
INSERT INTO `employee` VALUES (1518, '1', '男', '2018-01-01', '610122199909091234', '已婚', 1, '1', 1, '584991843@qq.com', '1', '1', 8, 9, 29, '劳动合同', '大专', '1', '1', '2018-01-31', '在职', '00000047', 0, NULL, NULL, '2018-01-31', '2018-01-31', NULL, 1);
INSERT INTO `employee` VALUES (1519, 'javaboy', '男', '1989-12-31', '610122199001011256', '已婚', 1, '陕西', 13, 'laowang@qq.com', '18565558897', '深圳市南山区', 5, 9, 29, '劳务合同', '本科', '信息管理与信息系统', '深圳大学', '2017-12-31', '在职', '00000057', 2, '2018-03-31', NULL, '2017-12-31', '2019-12-31', NULL, 1);
INSERT INTO `employee` VALUES (1520, 'javaboy', '男', '1989-12-31', '610122199001011256', '已婚', 1, '陕西', 13, 'laowang@qq.com', '18565558897', '深圳市南山区', 93, 9, 29, '劳务合同', '本科', '信息管理与信息系统', '深圳大学', '2019-11-05', '在职', '00000058', 2, '2018-03-31', NULL, '2017-12-31', '2019-12-31', NULL, 1);
INSERT INTO `employee` VALUES (1521, 'javaboy', '男', '1989-12-31', '610122199001011256', '已婚', 1, '', 13, 'laowang@qq.com', '18565558897', '深圳市南山区', 93, 9, 29, '劳务合同', '本科', '信息管理与信息系统', '深圳大学', '2019-11-05', '在职', '00000059', 2, '2018-03-31', NULL, '2017-12-31', '2019-12-31', NULL, 1);
INSERT INTO `employee` VALUES (1522, 'javaboy', '男', '1989-12-31', '610122199001011256', '已婚', 1, '陕西', 13, 'laowan@123.com', '18565558897', '深圳市南山区', 5, 9, 29, '劳务合同', '本科', '信息管理与信息系统', '深圳大学', '2017-12-31', '在职', '00000060', 2, '2018-03-31', NULL, '2017-12-31', '2019-12-31', NULL, 1);
INSERT INTO `employee` VALUES (1523, 'javaboy', '男', '1989-12-31', '610122199001011256', '已婚', 1, '陕西', 13, 'laowan@123.com', '18565558897', '深圳市南山区', 5, 9, 29, '劳务合同', '本科', '信息管理与信息系统', '深圳大学', '2017-12-31', '在职', '00000060', 2, '2018-03-31', NULL, '2017-12-31', '2019-12-31', NULL, 1);
INSERT INTO `employee` VALUES (1526, 'javaboy', '男', '1989-12-31', '610122199001011256', '已婚', 1, '陕西', 13, 'laowang@qq.com', '18565558897', '深圳市南山区', 91, 9, 29, '劳务合同', '本科', '信息管理与信息系统', '深圳大学', '2017-12-31', '在职', '00000061', 2, '2018-03-31', NULL, '2017-12-31', '2019-12-31', NULL, 1);
INSERT INTO `employee` VALUES (1527, 'javaboy', '男', '1989-12-31', '610122199001011256', '已婚', 1, '陕西', 13, 'laowang@qq.com', '18565558897', '深圳市南山区', 91, 9, 29, '劳务合同', '本科', '信息管理与信息系统', '深圳大学', '2017-12-31', '在职', '00000062', 6.17, '2018-03-31', NULL, '2017-12-31', '2024-02-29', NULL, 1);
INSERT INTO `employee` VALUES (1528, 'javaboy666', '男', '2019-11-10', '610122199911111111', '已婚', 1, '广东', 13, '123@qq.com', '12345678901', '广东深圳', 78, 9, 29, '劳动合同', '本科', '信管', '深圳大学', '2019-11-10', '在职', '00000063', 3.25, '2020-02-10', NULL, '2019-11-10', '2023-02-22', NULL, 1);
INSERT INTO `employee` VALUES (1529, 'javaboy666', '男', '2019-11-10', '610122199911111111', '已婚', 1, '广东', 13, '123@qq.com', '12345678901', '广东深圳', 78, 9, 29, '劳动合同', '本科', '信管', '深圳大学', '2019-11-10', '在职', '00000063', 3.25, '2020-02-10', NULL, '2019-11-10', '2023-02-22', NULL, 1);
INSERT INTO `employee` VALUES (1530, '江南一点雨', '男', '1990-01-01', '610122199001011256', '已婚', 1, '陕西', 13, 'laowang@qq.com', '18565558897', '深圳市南山区', 5, 9, 29, '劳务合同', '本科', '信息管理与信息系统', '深圳大学', '2018-01-01', '在职', '00000001', 2, '2018-04-01', NULL, '2018-01-01', '2020-01-01', NULL, 1);
INSERT INTO `employee` VALUES (1531, '陈静', '女', '1989-02-01', '421288198902011234', '已婚', 1, '海南', 1, 'chenjing@qq.com', '18795556693', '海南省海口市美兰区', 91, 12, 29, '劳动合同', '高中', '市场营销', '武汉大学', '2015-06-09', '在职', '00000002', 3, '2015-09-10', NULL, '2015-06-09', '2018-06-08', NULL, 1);
INSERT INTO `employee` VALUES (1532, '赵琳浩', '男', '1993-03-04', '610122199303041456', '未婚', 1, '陕西', 3, 'zhao@qq.com', '15698887795', '陕西省西安市莲湖区', 91, 12, 33, '劳动合同', '博士', '电子工程', '哈尔滨理工大学', '2018-01-01', '在职', '00000003', 3.5, '2018-04-01', NULL, '2018-01-01', '2021-07-14', NULL, 1);
INSERT INTO `employee` VALUES (1533, '鹿存亮', '男', '1990-01-03', '610122199001031456', '已婚', 1, '陕西', 3, 'zhao@qq.com', '15612347795', '陕西省西安市莲湖区', 92, 12, 34, '劳动合同', '高中', '电子工程', '哈尔滨理工大学', '2018-01-01', '在职', '00000004', 3.5, '2018-04-01', NULL, '2018-01-01', '2021-07-14', NULL, 1);
INSERT INTO `employee` VALUES (1534, '姚森', '男', '1991-02-05', '610122199102058952', '已婚', 1, '河南', 3, 'yaosen@qq.com', '14785559936', '河南洛阳人民大道58号', 92, 15, 34, '劳动合同', '硕士', '室内装修设计', '西北大学', '2017-01-02', '在职', '00000005', 7, '2017-04-02', NULL, '2017-01-02', '2024-01-17', NULL, 1);
INSERT INTO `employee` VALUES (1535, '云星', '女', '1993-01-05', '610122199301054789', '已婚', 1, '陕西西安', 1, 'yunxing@qq.com', '15644442252', '陕西西安新城区', 92, 16, 34, '劳务合同', '硕士', '通信工程', '西安电子科技学校', '2018-01-01', '在职', '00000006', 5.25, '2018-04-01', NULL, '2018-01-01', '2023-04-13', NULL, 1);
INSERT INTO `employee` VALUES (1536, '贾旭明', '男', '1993-11-11', '610122199311111234', '已婚', 1, '广东广州', 4, 'jiaxuming@qq.com', '15644441234', '广东省广州市天河区冼村路', 78, 15, 33, '劳务合同', '初中', '通信工程', '西北大学', '2018-01-01', '在职', '00000007', 5.25, '2018-04-01', NULL, '2018-01-01', '2023-04-13', NULL, 1);
INSERT INTO `employee` VALUES (1537, '张黎明', '男', '1991-02-01', '610144199102014569', '已婚', 1, '广东', 6, 'zhangliming@qq.com', '18979994478', '广东珠海', 91, 15, 33, '劳动合同', '高中', '考古', '清华大学', '2018-01-01', '在职', '00000008', 7, '2018-04-01', NULL, '2018-01-01', '2025-01-30', NULL, 1);
INSERT INTO `employee` VALUES (1538, '薛磊', '男', '1992-07-01', '610144199207017895', '已婚', 1, '陕西西安', 13, 'xuelei@qq.com', '15648887741', '西安市雁塔区', 92, 14, 34, '劳动合同', '初中', '无', '华胥中学', '2018-01-01', '在职', '00000009', 6, '2018-04-01', NULL, '2018-01-01', '2024-01-17', NULL, 1);
INSERT INTO `employee` VALUES (1539, '张洁', '女', '1990-10-09', '420177199010093652', '未婚', 1, '海南', 5, 'zhangjie@qq.com', '13695557742', '海口市美兰区', 92, 16, 34, '劳动合同', '高中', '无', '海南侨中', '2018-01-01', '在职', '00000010', 1, '2018-01-31', NULL, '2018-01-01', '2019-01-01', NULL, 1);
INSERT INTO `employee` VALUES (1540, '江南一点雨2', '男', '1990-01-01', '610122199001011256', '已婚', 1, '陕西', 13, 'laowang@qq.com', '18565558897', '深圳市南山区', 91, 9, 29, '劳动合同', '本科', '信息管理与信息系统', '深圳大学', '2018-01-01', '在职', '00000011', 1, '2018-04-01', NULL, '2018-01-01', '2019-01-01', NULL, 1);
INSERT INTO `employee` VALUES (1541, '陈静2', '女', '1989-02-01', '421288198902011234', '已婚', 1, '海南', 1, 'chenjing@qq.com', '18795556693', '海南省海口市美兰区', 82, 12, 30, '劳动合同', '高中', '市场营销', '武汉大学', '2015-06-09', '在职', '00000012', 3, '2015-09-10', NULL, '2015-06-09', '2018-06-08', NULL, 1);
INSERT INTO `employee` VALUES (1542, '赵琳浩2', '男', '1993-03-04', '610122199303041456', '未婚', 1, '陕西', 3, 'zhao@qq.com', '15698887795', '陕西省西安市莲湖区', 91, 12, 33, '劳动合同', '博士', '电子工程', '哈尔滨理工大学', '2018-01-01', '在职', '00000013', 3.5, '2018-04-01', NULL, '2018-01-01', '2021-07-14', NULL, 1);
INSERT INTO `employee` VALUES (1543, '鹿存亮2', '男', '1990-01-03', '610122199001031456', '已婚', 1, '陕西', 3, 'zhao@qq.com', '15612347795', '陕西省西安市莲湖区', 92, 12, 34, '劳动合同', '高中', '电子工程', '哈尔滨理工大学', '2018-01-01', '在职', '00000014', 3.5, '2018-04-01', NULL, '2018-01-01', '2021-07-14', NULL, 1);
INSERT INTO `employee` VALUES (1544, '姚森2', '男', '1991-02-05', '610122199102058952', '已婚', 1, '河南', 3, 'yaosen@qq.com', '14785559936', '河南洛阳人民大道58号', 92, 15, 34, '劳动合同', '初中', '室内装修设计', '西北大学', '2017-01-02', '在职', '00000015', 7, '2017-04-02', NULL, '2017-01-02', '2024-01-17', NULL, 1);
INSERT INTO `employee` VALUES (1545, '云星2', '女', '1993-01-05', '610122199301054789', '已婚', 1, '陕西西安', 1, 'yunxing@qq.com', '15644442252', '陕西西安新城区', 92, 16, 34, '劳务合同', '硕士', '通信工程', '西安电子科技学校', '2018-01-01', '在职', '00000016', 5.25, '2018-04-01', NULL, '2018-01-01', '2023-04-13', NULL, 1);
INSERT INTO `employee` VALUES (1546, '贾旭明2', '男', '1993-11-11', '610122199311111234', '已婚', 1, '广东广州', 4, 'jiaxuming@qq.com', '15644441234', '广东省广州市天河区冼村路', 78, 15, 33, '劳务合同', '初中', '通信工程', '西北大学', '2018-01-01', '在职', '00000017', 5.25, '2018-04-01', NULL, '2018-01-01', '2023-04-13', NULL, 1);
INSERT INTO `employee` VALUES (1547, '王一亭', '男', '1991-02-01', '610144199102014569', '已婚', 1, '广东', 6, 'zhangliming@qq.com', '18979994478', '广东珠海', 91, 15, 33, '劳动合同', '高中', '考古', '清华大学', '2018-01-01', '在职', '00000018', 7, '2018-04-01', NULL, '2018-01-01', '2025-01-30', NULL, 1);
INSERT INTO `employee` VALUES (1548, '薛磊2', '男', '1992-07-01', '610144199207017895', '已婚', 1, '陕西西安', 13, 'xuelei@qq.com', '15648887741', '西安市雁塔区', 92, 14, 34, '劳动合同', '初中', '无', '华胥中学', '2018-01-01', '在职', '00000019', 1, '2018-04-01', NULL, '2018-01-01', '2019-01-01', NULL, 1);
INSERT INTO `employee` VALUES (1549, '张洁2', '女', '1990-10-09', '420177199010093652', '未婚', 1, '海南', 5, 'zhangjie@qq.com', '13695557742', '海口市美兰区', 92, 16, 34, '劳动合同', '高中', '无', '海南侨中', '2018-01-01', '在职', '00000020', 1, '2018-01-31', NULL, '2018-01-01', '2019-01-01', NULL, 1);
INSERT INTO `employee` VALUES (1550, '江南一点雨3', '男', '1990-01-01', '610122199001011256', '已婚', 1, '陕西', 13, 'laowang@qq.com', '18565558897', '深圳市南山区', 8, 9, 29, '劳动合同', '本科', '信息管理与信息系统', '深圳大学', '2018-01-01', '在职', '00000021', 1, '2018-04-01', NULL, '2018-01-01', '2019-01-01', NULL, 1);
INSERT INTO `employee` VALUES (1551, '陈静3', '女', '1989-02-01', '421288198902011234', '已婚', 1, '海南', 1, 'chenjing@qq.com', '18795556693', '海南省海口市美兰区', 82, 12, 30, '劳动合同', '高中', '市场营销', '武汉大学', '2015-06-09', '在职', '00000022', 3, '2015-09-10', NULL, '2015-06-09', '2018-06-08', NULL, 1);
INSERT INTO `employee` VALUES (1552, '鹿存亮3', '男', '1990-01-03', '610122199001031456', '已婚', 1, '陕西', 3, 'zhao@qq.com', '15612347795', '陕西省西安市莲湖区', 92, 12, 34, '劳动合同', '高中', '电子工程', '哈尔滨理工大学', '2018-01-01', '在职', '00000024', 3.5, '2018-04-01', NULL, '2018-01-01', '2021-07-14', NULL, 1);
INSERT INTO `employee` VALUES (1553, '姚森3', '男', '1991-02-05', '610122199102058952', '已婚', 1, '河南', 3, 'yaosen@qq.com', '14785559936', '河南洛阳人民大道58号', 92, 15, 34, '劳动合同', '初中', '室内装修设计', '西北大学', '2017-01-02', '在职', '00000025', 7, '2017-04-02', NULL, '2017-01-02', '2024-01-17', NULL, 1);
INSERT INTO `employee` VALUES (1554, '云星3', '女', '1993-01-05', '610122199301054789', '已婚', 1, '陕西西安', 1, 'yunxing@qq.com', '15644442252', '陕西西安新城区', 92, 16, 34, '劳务合同', '硕士', '通信工程', '西安电子科技学校', '2018-01-01', '在职', '00000026', 5.25, '2018-04-01', NULL, '2018-01-01', '2023-04-13', NULL, 1);
INSERT INTO `employee` VALUES (1555, '贾旭明3', '男', '1993-11-11', '610122199311111234', '已婚', 1, '广东广州', 4, 'jiaxuming@qq.com', '15644441234', '广东省广州市天河区冼村路', 78, 15, 33, '劳务合同', '初中', '通信工程', '西北大学', '2018-01-01', '在职', '00000027', 5.25, '2018-04-01', NULL, '2018-01-01', '2023-04-13', NULL, 1);
INSERT INTO `employee` VALUES (1556, '张黎明3', '男', '1991-02-01', '610144199102014569', '已婚', 1, '广东', 6, 'zhangliming@qq.com', '18979994478', '广东珠海', 91, 15, 33, '劳动合同', '高中', '考古', '清华大学', '2018-01-01', '在职', '00000028', 7, '2018-04-01', NULL, '2018-01-01', '2025-01-30', NULL, 1);
INSERT INTO `employee` VALUES (1557, '薛磊3', '男', '1992-07-01', '610144199207017895', '已婚', 1, '陕西西安', 13, 'xuelei@qq.com', '15648887741', '西安市雁塔区', 92, 14, 34, '劳动合同', '初中', '无', '华胥中学', '2018-01-01', '在职', '00000029', 6, '2018-04-01', NULL, '2018-01-01', '2024-01-17', NULL, 1);
INSERT INTO `employee` VALUES (1558, '江南一点雨4', '男', '1990-01-01', '610122199001011256', '已婚', 1, '陕西', 13, 'laowang@qq.com', '18565558897', '深圳市南山区', 8, 9, 29, '劳动合同', '本科', '信息管理与信息系统', '深圳大学', '2018-01-01', '在职', '00000031', 1, '2018-04-01', NULL, '2018-01-01', '2019-01-01', NULL, 1);
INSERT INTO `employee` VALUES (1559, '陈静4', '女', '1989-02-01', '421288198902011234', '已婚', 1, '海南', 1, 'chenjing@qq.com', '18795556693', '海南省海口市美兰区', 82, 12, 30, '劳动合同', '高中', '市场营销', '武汉大学', '2015-06-09', '在职', '00000032', 3, '2015-09-10', NULL, '2015-06-09', '2018-06-08', NULL, 1);
INSERT INTO `employee` VALUES (1560, '赵琳浩4', '男', '1993-03-04', '610122199303041456', '未婚', 1, '陕西', 3, 'zhao@qq.com', '15698887795', '陕西省西安市莲湖区', 91, 12, 33, '劳动合同', '博士', '电子工程', '哈尔滨理工大学', '2018-01-01', '在职', '00000033', 3.5, '2018-04-01', NULL, '2018-01-01', '2021-07-14', NULL, 1);
INSERT INTO `employee` VALUES (1561, '鹿存亮4', '男', '1990-01-03', '610122199001031456', '已婚', 1, '陕西', 3, 'zhao@qq.com', '15612347795', '陕西省西安市莲湖区', 92, 12, 34, '劳动合同', '高中', '电子工程', '哈尔滨理工大学', '2018-01-01', '在职', '00000034', 3.5, '2018-04-01', NULL, '2018-01-01', '2021-07-14', NULL, 1);
INSERT INTO `employee` VALUES (1562, '姚森4', '男', '1991-02-05', '610122199102058952', '已婚', 1, '河南', 3, 'yaosen@qq.com', '14785559936', '河南洛阳人民大道58号', 92, 15, 34, '劳动合同', '初中', '室内装修设计', '西北大学', '2017-01-02', '在职', '00000035', 7, '2017-04-02', NULL, '2017-01-02', '2024-01-17', NULL, 1);
INSERT INTO `employee` VALUES (1563, '云星4', '女', '1993-01-05', '610122199301054789', '已婚', 1, '陕西西安', 1, 'yunxing@qq.com', '15644442252', '陕西西安新城区', 92, 16, 34, '劳务合同', '硕士', '通信工程', '西安电子科技学校', '2018-01-01', '在职', '00000036', 5.25, '2018-04-01', NULL, '2018-01-01', '2023-04-13', NULL, 1);
INSERT INTO `employee` VALUES (1564, '贾旭明4', '男', '1993-11-11', '610122199311111234', '已婚', 1, '广东广州', 4, 'jiaxuming@qq.com', '15644441234', '广东省广州市天河区冼村路', 78, 15, 33, '劳务合同', '初中', '通信工程', '西北大学', '2018-01-01', '在职', '00000037', 5.25, '2018-04-01', NULL, '2018-01-01', '2023-04-13', NULL, 1);
INSERT INTO `employee` VALUES (1565, '张黎明2', '男', '1991-02-01', '610144199102014569', '已婚', 1, '广东', 6, 'zhangliming@qq.com', '18979994478', '广东珠海', 91, 15, 33, '劳动合同', '高中', '考古', '清华大学', '2018-01-01', '在职', '00000038', 7, '2018-04-01', NULL, '2018-01-01', '2025-01-30', NULL, 1);
INSERT INTO `employee` VALUES (1566, '薛磊4', '男', '1992-07-01', '610144199207017895', '已婚', 1, '陕西西安', 13, 'xuelei@qq.com', '15648887741', '西安市雁塔区', 92, 14, 34, '劳动合同', '初中', '无', '华胥中学', '2018-01-01', '在职', '00000039', 6, '2018-04-01', NULL, '2018-01-01', '2024-01-17', NULL, 1);
INSERT INTO `employee` VALUES (1567, '张洁4', '女', '1990-10-09', '420177199010093652', '未婚', 1, '海南', 5, 'zhangjie@qq.com', '13695557742', '海口市美兰区', 92, 16, 34, '劳动合同', '高中', '无', '海南侨中', '2018-01-01', '在职', '00000040', 1, '2018-01-31', NULL, '2018-01-01', '2019-01-01', NULL, 1);
INSERT INTO `employee` VALUES (1568, '江南一点雨5', '男', '1990-01-01', '610122199001011256', '已婚', 1, '陕西', 13, 'laowang@qq.com', '18565558897', '深圳市南山区', 8, 9, 29, '劳动合同', '本科', '信息管理与信息系统', '深圳大学', '2018-01-01', '在职', '00000041', 1, '2018-04-01', NULL, '2018-01-01', '2019-01-01', NULL, 1);
INSERT INTO `employee` VALUES (1569, '陈静5', '女', '1989-02-01', '421288198902011234', '已婚', 1, '海南', 1, 'chenjing@qq.com', '18795556693', '海南省海口市美兰区', 82, 12, 30, '劳动合同', '高中', '市场营销', '武汉大学', '2015-06-09', '在职', '00000042', 3, '2015-09-10', NULL, '2015-06-09', '2018-06-08', NULL, 1);
INSERT INTO `employee` VALUES (1570, '赵琳浩5', '男', '1993-03-04', '610122199303041456', '未婚', 1, '陕西', 3, 'zhao@qq.com', '15698887795', '陕西省西安市莲湖区', 91, 12, 33, '劳动合同', '博士', '电子工程', '哈尔滨理工大学', '2018-01-01', '在职', '00000043', 3.5, '2018-04-01', NULL, '2018-01-01', '2021-07-14', NULL, 1);
INSERT INTO `employee` VALUES (1571, '鹿存亮5', '男', '1990-01-03', '610122199001031456', '已婚', 1, '陕西', 3, 'zhao@qq.com', '15612347795', '陕西省西安市莲湖区', 92, 12, 34, '劳动合同', '高中', '电子工程', '哈尔滨理工大学', '2018-01-01', '在职', '00000044', 3.5, '2018-04-01', NULL, '2018-01-01', '2021-07-14', NULL, 1);
INSERT INTO `employee` VALUES (1572, '姚森5', '男', '1991-02-05', '610122199102058952', '已婚', 1, '河南', 3, 'yaosen@qq.com', '14785559936', '河南洛阳人民大道58号', 92, 15, 34, '劳动合同', '初中', '室内装修设计', '西北大学', '2017-01-02', '在职', '00000045', 7, '2017-04-02', NULL, '2017-01-02', '2024-01-17', NULL, 1);
INSERT INTO `employee` VALUES (1573, '云星5', '女', '1993-01-05', '610122199301054789', '已婚', 1, '陕西西安', 1, 'yunxing@qq.com', '15644442252', '陕西西安新城区', 92, 16, 34, '劳务合同', '硕士', '通信工程', '西安电子科技学校', '2018-01-01', '在职', '00000046', 5.25, '2018-04-01', NULL, '2018-01-01', '2023-04-13', NULL, 1);
INSERT INTO `employee` VALUES (1574, '贾旭明5', '男', '1993-11-11', '610122199311111234', '已婚', 1, '广东广州', 4, 'jiaxuming@qq.com', '15644441234', '广东省广州市天河区冼村路', 78, 15, 33, '劳务合同', '初中', '通信工程', '西北大学', '2018-01-01', '在职', '00000047', 5.25, '2018-04-01', NULL, '2018-01-01', '2023-04-13', NULL, 1);
INSERT INTO `employee` VALUES (1575, '张黎明5', '男', '1991-02-01', '610144199102014569', '已婚', 1, '广东', 6, 'zhangliming@qq.com', '18979994478', '广东珠海', 91, 15, 33, '劳动合同', '高中', '考古', '清华大学', '2018-01-01', '在职', '00000048', 7, '2018-04-01', NULL, '2018-01-01', '2025-01-30', NULL, 1);
INSERT INTO `employee` VALUES (1576, '薛磊5', '男', '1992-07-01', '610144199207017895', '已婚', 1, '陕西西安', 13, 'xuelei@qq.com', '15648887741', '西安市雁塔区', 92, 14, 34, '劳动合同', '初中', '无', '华胥中学', '2018-01-01', '在职', '00000049', 6, '2018-04-01', NULL, '2018-01-01', '2024-01-17', NULL, 1);
INSERT INTO `employee` VALUES (1577, '张洁5', '女', '1990-10-09', '420177199010093652', '未婚', 1, '海南', 5, 'zhangjie@qq.com', '13695557742', '海口市美兰区', 92, 16, 34, '劳动合同', '高中', '无', '海南侨中', '2018-01-01', '在职', '00000050', 1, '2018-01-31', NULL, '2018-01-01', '2019-01-01', NULL, 1);
INSERT INTO `employee` VALUES (1578, '江南一点雨6', '男', '1990-01-01', '610122199001011256', '已婚', 1, '陕西', 13, 'laowang@qq.com', '18565558897', '深圳市南山区', 8, 9, 29, '劳动合同', '本科', '信息管理与信息系统', '深圳大学', '2018-01-01', '在职', '00000051', 1, '2018-04-01', NULL, '2018-01-01', '2019-01-01', NULL, 1);
INSERT INTO `employee` VALUES (1579, '陈静6', '女', '1989-02-01', '421288198902011234', '已婚', 1, '海南', 1, 'chenjing@qq.com', '18795556693', '海南省海口市美兰区', 82, 12, 30, '劳动合同', '高中', '市场营销', '武汉大学', '2015-06-09', '在职', '00000052', 3, '2015-09-10', NULL, '2015-06-09', '2018-06-08', NULL, 1);
INSERT INTO `employee` VALUES (1580, '赵琳浩6', '男', '1993-03-04', '610122199303041456', '未婚', 1, '陕西', 3, 'zhao@qq.com', '15698887795', '陕西省西安市莲湖区', 91, 12, 33, '劳动合同', '博士', '电子工程', '哈尔滨理工大学', '2018-01-01', '在职', '00000053', 3.5, '2018-04-01', NULL, '2018-01-01', '2021-07-14', NULL, 1);
INSERT INTO `employee` VALUES (1581, '鹿存亮6', '男', '1990-01-03', '610122199001031456', '已婚', 1, '陕西', 3, 'zhao@qq.com', '15612347795', '陕西省西安市莲湖区', 92, 12, 34, '劳动合同', '高中', '电子工程', '哈尔滨理工大学', '2018-01-01', '在职', '00000054', 3.5, '2018-04-01', NULL, '2018-01-01', '2021-07-14', NULL, 1);
INSERT INTO `employee` VALUES (1582, '姚森6', '男', '1991-02-05', '610122199102058952', '已婚', 1, '河南', 3, 'yaosen@qq.com', '14785559936', '河南洛阳人民大道58号', 92, 15, 34, '劳动合同', '初中', '室内装修设计', '西北大学', '2017-01-02', '在职', '00000055', 7, '2017-04-02', NULL, '2017-01-02', '2024-01-17', NULL, 1);
INSERT INTO `employee` VALUES (1583, '云星6', '女', '1993-01-05', '610122199301054789', '已婚', 1, '陕西西安', 1, 'yunxing@qq.com', '15644442252', '陕西西安新城区', 92, 16, 34, '劳务合同', '硕士', '通信工程', '西安电子科技学校', '2018-01-01', '在职', '00000056', 5.25, '2018-04-01', NULL, '2018-01-01', '2023-04-13', NULL, 1);
INSERT INTO `employee` VALUES (1584, '江南一点雨', '男', '1990-01-01', '610122199001011256', '已婚', 1, '陕西', 13, 'laowang@qq.com', '18565558897', '深圳市南山区', 8, 9, 29, '劳动合同', '本科', '信息管理与信息系统', '深圳大学', '2018-01-01', '在职', '00000001', 1, NULL, NULL, '2018-01-01', '2019-01-01', NULL, 1);
INSERT INTO `employee` VALUES (1585, '陈静', '女', '1989-02-01', '421288198902011234', '已婚', 1, '海南', 1, 'chenjing@qq.com', '18795556693', '海南省海口市美兰区', 82, 12, 30, '劳动合同', '高中', '市场营销', '武汉大学', '2015-06-09', '在职', '00000002', 3, NULL, NULL, '2015-06-09', '2018-06-08', NULL, 1);
INSERT INTO `employee` VALUES (1586, '赵琳浩', '男', '1993-03-04', '610122199303041456', '未婚', 1, '陕西', 3, 'zhao@qq.com', '15698887795', '陕西省西安市莲湖区', 91, 12, 33, '劳动合同', '博士', '电子工程', '哈尔滨理工大学', '2018-01-01', '在职', '00000003', 3.5, NULL, NULL, '2018-01-01', '2021-07-14', NULL, 1);
INSERT INTO `employee` VALUES (1587, '鹿存亮', '男', '1990-01-03', '610122199001031456', '已婚', 1, '陕西', 3, 'zhao@qq.com', '15612347795', '陕西省西安市莲湖区', 92, 12, 34, '劳动合同', '高中', '电子工程', '哈尔滨理工大学', '2018-01-01', '在职', '00000004', 3.5, NULL, NULL, '2018-01-01', '2021-07-14', NULL, 1);
INSERT INTO `employee` VALUES (1588, '姚森', '男', '1991-02-05', '610122199102058952', '已婚', 1, '河南', 3, 'yaosen@qq.com', '14785559936', '河南洛阳人民大道58号', 92, 15, 34, '劳动合同', '初中', '室内装修设计', '西北大学', '2017-01-02', '在职', '00000005', 7, NULL, NULL, '2017-01-02', '2024-01-17', NULL, 1);
INSERT INTO `employee` VALUES (1589, '贾旭明', '男', '1993-11-11', '610122199311111234', '已婚', 1, '广东广州', 4, 'jiaxuming@qq.com', '15644441234', '广东省广州市天河区冼村路', 78, 15, 33, '劳务合同', '初中', '通信工程', '西北大学', '2018-01-01', '在职', '00000007', 5.25, NULL, NULL, '2018-01-01', '2023-04-13', NULL, 1);
INSERT INTO `employee` VALUES (1590, '张黎明', '男', '1991-02-01', '610144199102014569', '已婚', 1, '广东', 6, 'zhangliming@qq.com', '18979994478', '广东珠海', 91, 15, 33, '劳动合同', '高中', '考古', '清华大学', '2018-01-01', '在职', '00000008', 7, NULL, NULL, '2018-01-01', '2025-01-30', NULL, 1);
INSERT INTO `employee` VALUES (1591, '薛磊', '男', '1992-07-01', '610144199207017895', '已婚', 1, '陕西西安', 13, 'xuelei@qq.com', '15648887741', '西安市雁塔区', 92, 14, 34, '劳动合同', '初中', '无', '华胥中学', '2018-01-01', '在职', '00000009', 6, NULL, NULL, '2018-01-01', '2024-01-17', NULL, 1);
INSERT INTO `employee` VALUES (1592, '张洁', '女', '1990-10-09', '420177199010093652', '未婚', 1, '海南', 5, 'zhangjie@qq.com', '13695557742', '海口市美兰区', 92, 16, 34, '劳动合同', '高中', '无', '海南侨中', '2018-01-01', '在职', '00000010', 1, NULL, NULL, '2018-01-01', '2019-01-01', NULL, 1);
INSERT INTO `employee` VALUES (1593, '江南一点雨2', '男', '1990-01-01', '610122199001011256', '已婚', 1, '陕西', 13, 'laowang@qq.com', '18565558897', '深圳市南山区', 8, 9, 29, '劳动合同', '本科', '信息管理与信息系统', '深圳大学', '2018-01-01', '在职', '00000011', 1, NULL, NULL, '2018-01-01', '2019-01-01', NULL, 1);
INSERT INTO `employee` VALUES (1594, '陈静2', '女', '1989-02-01', '421288198902011234', '已婚', 1, '海南', 1, 'chenjing@qq.com', '18795556693', '海南省海口市美兰区', 82, 12, 30, '劳动合同', '高中', '市场营销', '武汉大学', '2015-06-09', '在职', '00000012', 3, NULL, NULL, '2015-06-09', '2018-06-08', NULL, 1);
INSERT INTO `employee` VALUES (1595, '赵琳浩2', '男', '1993-03-04', '610122199303041456', '未婚', 1, '陕西', 3, 'zhao@qq.com', '15698887795', '陕西省西安市莲湖区', 91, 12, 33, '劳动合同', '博士', '电子工程', '哈尔滨理工大学', '2018-01-01', '在职', '00000013', 3.5, NULL, NULL, '2018-01-01', '2021-07-14', NULL, 1);
INSERT INTO `employee` VALUES (1596, '鹿存亮2', '男', '1990-01-03', '610122199001031456', '已婚', 1, '陕西', 3, 'zhao@qq.com', '15612347795', '陕西省西安市莲湖区', 92, 12, 34, '劳动合同', '高中', '电子工程', '哈尔滨理工大学', '2018-01-01', '在职', '00000014', 3.5, NULL, NULL, '2018-01-01', '2021-07-14', NULL, 1);
INSERT INTO `employee` VALUES (1597, '姚森2', '男', '1991-02-05', '610122199102058952', '已婚', 1, '河南', 3, 'yaosen@qq.com', '14785559936', '河南洛阳人民大道58号', 92, 15, 34, '劳动合同', '初中', '室内装修设计', '西北大学', '2017-01-02', '在职', '00000015', 7, NULL, NULL, '2017-01-02', '2024-01-17', NULL, 1);
INSERT INTO `employee` VALUES (1598, '云星2', '女', '1993-01-05', '610122199301054789', '已婚', 1, '陕西西安', 1, 'yunxing@qq.com', '15644442252', '陕西西安新城区', 92, 16, 34, '劳务合同', '硕士', '通信工程', '西安电子科技学校', '2018-01-01', '在职', '00000016', 5.25, NULL, NULL, '2018-01-01', '2023-04-13', NULL, 1);
INSERT INTO `employee` VALUES (1599, '贾旭明2', '男', '1993-11-11', '610122199311111234', '已婚', 1, '广东广州', 4, 'jiaxuming@qq.com', '15644441234', '广东省广州市天河区冼村路', 78, 15, 33, '劳务合同', '初中', '通信工程', '西北大学', '2018-01-01', '在职', '00000017', 5.25, NULL, NULL, '2018-01-01', '2023-04-13', NULL, 1);
INSERT INTO `employee` VALUES (1600, '王一亭', '男', '1991-02-01', '610144199102014569', '已婚', 1, '广东', 6, 'zhangliming@qq.com', '18979994478', '广东珠海', 91, 15, 33, '劳动合同', '高中', '考古', '清华大学', '2018-01-01', '在职', '00000018', 7, NULL, NULL, '2018-01-01', '2025-01-30', NULL, 1);
INSERT INTO `employee` VALUES (1601, '薛磊2', '男', '1992-07-01', '610144199207017895', '已婚', 1, '陕西西安', 13, 'xuelei@qq.com', '15648887741', '西安市雁塔区', 92, 14, 34, '劳动合同', '初中', '无', '华胥中学', '2018-01-01', '在职', '00000019', 1, NULL, NULL, '2018-01-01', '2019-01-01', NULL, 1);
INSERT INTO `employee` VALUES (1602, '张洁2', '女', '1990-10-09', '420177199010093652', '未婚', 1, '海南', 5, 'zhangjie@qq.com', '13695557742', '海口市美兰区', 92, 16, 34, '劳动合同', '高中', '无', '海南侨中', '2018-01-01', '在职', '00000020', 1, NULL, NULL, '2018-01-01', '2019-01-01', NULL, 1);
INSERT INTO `employee` VALUES (1603, '江南一点雨3', '男', '1990-01-01', '610122199001011256', '已婚', 1, '陕西', 13, 'laowang@qq.com', '18565558897', '深圳市南山区', 8, 9, 29, '劳动合同', '本科', '信息管理与信息系统', '深圳大学', '2018-01-01', '在职', '00000021', 1, NULL, NULL, '2018-01-01', '2019-01-01', NULL, 1);
INSERT INTO `employee` VALUES (1604, '陈静3', '女', '1989-02-01', '421288198902011234', '已婚', 1, '海南', 1, 'chenjing@qq.com', '18795556693', '海南省海口市美兰区', 82, 12, 30, '劳动合同', '高中', '市场营销', '武汉大学', '2015-06-09', '在职', '00000022', 3, NULL, NULL, '2015-06-09', '2018-06-08', NULL, 1);
INSERT INTO `employee` VALUES (1605, '鹿存亮3', '男', '1990-01-03', '610122199001031456', '已婚', 1, '陕西', 3, 'zhao@qq.com', '15612347795', '陕西省西安市莲湖区', 92, 12, 34, '劳动合同', '高中', '电子工程', '哈尔滨理工大学', '2018-01-01', '在职', '00000024', 3.5, NULL, NULL, '2018-01-01', '2021-07-14', NULL, 1);
INSERT INTO `employee` VALUES (1606, '姚森3', '男', '1991-02-05', '610122199102058952', '已婚', 1, '河南', 3, 'yaosen@qq.com', '14785559936', '河南洛阳人民大道58号', 92, 15, 34, '劳动合同', '初中', '室内装修设计', '西北大学', '2017-01-02', '在职', '00000025', 7, NULL, NULL, '2017-01-02', '2024-01-17', NULL, 1);
INSERT INTO `employee` VALUES (1607, '云星3', '女', '1993-01-05', '610122199301054789', '已婚', 1, '陕西西安', 1, 'yunxing@qq.com', '15644442252', '陕西西安新城区', 92, 16, 34, '劳务合同', '硕士', '通信工程', '西安电子科技学校', '2018-01-01', '在职', '00000026', 5.25, NULL, NULL, '2018-01-01', '2023-04-13', NULL, 1);
INSERT INTO `employee` VALUES (1608, '贾旭明3', '男', '1993-11-11', '610122199311111234', '已婚', 1, '广东广州', 4, 'jiaxuming@qq.com', '15644441234', '广东省广州市天河区冼村路', 78, 15, 33, '劳务合同', '初中', '通信工程', '西北大学', '2018-01-01', '在职', '00000027', 5.25, NULL, NULL, '2018-01-01', '2023-04-13', NULL, 1);
INSERT INTO `employee` VALUES (1609, '张黎明3', '男', '1991-02-01', '610144199102014569', '已婚', 1, '广东', 6, 'zhangliming@qq.com', '18979994478', '广东珠海', 91, 15, 33, '劳动合同', '高中', '考古', '清华大学', '2018-01-01', '在职', '00000028', 7, NULL, NULL, '2018-01-01', '2025-01-30', NULL, 1);
INSERT INTO `employee` VALUES (1610, '薛磊3', '男', '1992-07-01', '610144199207017895', '已婚', 1, '陕西西安', 13, 'xuelei@qq.com', '15648887741', '西安市雁塔区', 92, 14, 34, '劳动合同', '初中', '无', '华胥中学', '2018-01-01', '在职', '00000029', 6, NULL, NULL, '2018-01-01', '2024-01-17', NULL, 1);
INSERT INTO `employee` VALUES (1611, '江南一点雨4', '男', '1990-01-01', '610122199001011256', '已婚', 1, '陕西', 13, 'laowang@qq.com', '18565558897', '深圳市南山区', 8, 9, 29, '劳动合同', '本科', '信息管理与信息系统', '深圳大学', '2018-01-01', '在职', '00000031', 1, NULL, NULL, '2018-01-01', '2019-01-01', NULL, 1);
INSERT INTO `employee` VALUES (1612, '陈静4', '女', '1989-02-01', '421288198902011234', '已婚', 1, '海南', 1, 'chenjing@qq.com', '18795556693', '海南省海口市美兰区', 82, 12, 30, '劳动合同', '高中', '市场营销', '武汉大学', '2015-06-09', '在职', '00000032', 3, NULL, NULL, '2015-06-09', '2018-06-08', NULL, 1);
INSERT INTO `employee` VALUES (1613, '赵琳浩4', '男', '1993-03-04', '610122199303041456', '未婚', 1, '陕西', 3, 'zhao@qq.com', '15698887795', '陕西省西安市莲湖区', 91, 12, 33, '劳动合同', '博士', '电子工程', '哈尔滨理工大学', '2018-01-01', '在职', '00000033', 3.5, NULL, NULL, '2018-01-01', '2021-07-14', NULL, 1);
INSERT INTO `employee` VALUES (1614, '鹿存亮4', '男', '1990-01-03', '610122199001031456', '已婚', 1, '陕西', 3, 'zhao@qq.com', '15612347795', '陕西省西安市莲湖区', 92, 12, 34, '劳动合同', '高中', '电子工程', '哈尔滨理工大学', '2018-01-01', '在职', '00000034', 3.5, NULL, NULL, '2018-01-01', '2021-07-14', NULL, 1);
INSERT INTO `employee` VALUES (1615, '姚森4', '男', '1991-02-05', '610122199102058952', '已婚', 1, '河南', 3, 'yaosen@qq.com', '14785559936', '河南洛阳人民大道58号', 92, 15, 34, '劳动合同', '初中', '室内装修设计', '西北大学', '2017-01-02', '在职', '00000035', 7, NULL, NULL, '2017-01-02', '2024-01-17', NULL, 1);
INSERT INTO `employee` VALUES (1616, '云星4', '女', '1993-01-05', '610122199301054789', '已婚', 1, '陕西西安', 1, 'yunxing@qq.com', '15644442252', '陕西西安新城区', 92, 16, 34, '劳务合同', '硕士', '通信工程', '西安电子科技学校', '2018-01-01', '在职', '00000036', 5.25, NULL, NULL, '2018-01-01', '2023-04-13', NULL, 1);
INSERT INTO `employee` VALUES (1617, '贾旭明4', '男', '1993-11-11', '610122199311111234', '已婚', 1, '广东广州', 4, 'jiaxuming@qq.com', '15644441234', '广东省广州市天河区冼村路', 78, 15, 33, '劳务合同', '初中', '通信工程', '西北大学', '2018-01-01', '在职', '00000037', 5.25, NULL, NULL, '2018-01-01', '2023-04-13', NULL, 1);
INSERT INTO `employee` VALUES (1618, '谢工', '女', '1970-01-01', '618177197001011234', '离异', 1, '江苏', 1, '584991843@qq.com', '18558887788', '北京', 91, 12, 29, '劳动合同', '本科', '计算机软件', '南华大学', '2018-01-01', '在职', '00000038', 5, '2019-01-01', NULL, '2018-01-01', '2023-01-01', NULL, 1);
INSERT INTO `employee` VALUES (1619, '林昭亮', '男', '1990-01-01', '610122199809091234', '已婚', 1, '广东', 13, '584991843@qq.com', '16767776654', '广东深圳', 91, 15, 33, '劳动合同', '大专', '计算机软件', '广东职业技术学院', '2018-01-01', '在职', '00000039', 5, '2018-04-01', NULL, '2018-01-01', '2023-01-01', NULL, 1);
INSERT INTO `employee` VALUES (1620, '11', '男', '2018-01-01', '610122201801011234', '已婚', 1, '1', 1, '584991843@qq.com', '111', '1', 89, 9, 29, '劳动合同', '本科', '1', '1', '2018-01-01', '在职', '00000040', 4, '2018-04-01', NULL, '2018-01-01', '2022-01-26', NULL, 1);
INSERT INTO `employee` VALUES (1621, '1', '男', '2018-01-01', '610188199809091234', '已婚', 1, '1', 1, '584991843@qq.com', '1', '1', 89, 9, 29, '劳动合同', '大专', '1', '1', '2018-01-31', '在职', '00000041', 1, '2018-01-31', NULL, '2018-01-31', '2019-01-31', NULL, 1);
INSERT INTO `employee` VALUES (1622, '1', '男', '2018-01-01', '610122199909090000', '已婚', 1, '1', 1, '584991843@qq.com', '1', '1', 78, 9, 29, '劳动合同', '大专', '1', '1', '2018-01-31', '在职', '00000042', 1, '2018-01-31', NULL, '2018-01-31', '2019-01-31', NULL, 1);
INSERT INTO `employee` VALUES (1623, '1', '男', '2018-01-01', '610122199909090000', '已婚', 1, '1', 1, '584991843@qq.com', '1', '1', 81, 9, 29, '劳动合同', '大专', '1', '1', '2018-01-31', '在职', '00000043', 0, '2018-01-31', NULL, '2018-01-31', '2018-01-31', NULL, 1);
INSERT INTO `employee` VALUES (1624, '1', '男', '2018-01-01', '610122199909099999', '已婚', 1, '1', 1, '584991843@qq.com', '1', '1', 87, 9, 29, '劳动合同', '大专', '1', '1', '2018-01-01', '在职', '00000044', 0, '2018-01-01', NULL, '2018-01-01', '2018-01-31', NULL, 1);
INSERT INTO `employee` VALUES (1625, '1', '男', '2018-01-01', '610122199909099999', '已婚', 1, '1', 1, '584991843@qq.com', '1', '1', 78, 9, 29, '劳动合同', '大专', '1', '1', '2018-01-01', '在职', '00000045', 0, '2018-01-01', NULL, '2018-01-01', '2018-01-31', NULL, 1);
INSERT INTO `employee` VALUES (1626, '林伯渠', '男', '2018-01-01', '610122199909099999', '未婚', 1, '1', 1, '584991843@qq.com', '1', '1', 8, 9, 29, '劳动合同', '大专', '1', '1', '2018-01-31', '在职', '00000046', 0, '2018-01-31', NULL, '2018-01-31', '2018-01-31', NULL, 1);
INSERT INTO `employee` VALUES (1627, '1', '男', '2018-01-01', '610122199909091234', '已婚', 1, '1', 1, '584991843@qq.com', '1', '1', 8, 9, 29, '劳动合同', '大专', '1', '1', '2018-01-31', '在职', '00000047', 0, '2018-01-31', NULL, '2018-01-31', '2018-01-31', NULL, 1);
INSERT INTO `employee` VALUES (1628, '江南一点雨', '男', '1990-01-01', '610122199001011256', '已婚', 1, '陕西', 13, 'laowang@qq.com', '18565558897', '深圳市南山区', 5, 9, 29, '劳务合同', '本科', '信息管理与信息系统', '深圳大学', '2018-01-01', '在职', '00000001', 2, NULL, NULL, '2018-01-01', '2020-01-01', NULL, 1);
INSERT INTO `employee` VALUES (1629, '陈静', '女', '1989-02-01', '421288198902011234', '已婚', 1, '海南', 1, 'chenjing@qq.com', '18795556693', '海南省海口市美兰区', 8, 12, 30, '劳动合同', '高中', '市场营销', '武汉大学', '2015-06-09', '在职', '00000002', 3, NULL, NULL, '2015-06-09', '2018-06-08', NULL, 1);
INSERT INTO `employee` VALUES (1630, '赵琳浩', '男', '1993-03-04', '610122199303041456', '未婚', 1, '陕西', 3, 'zhao@qq.com', '15698887795', '陕西省西安市莲湖区', 91, 12, 33, '劳动合同', '博士', '电子工程', '哈尔滨理工大学', '2018-01-01', '在职', '00000003', 3.5, NULL, NULL, '2018-01-01', '2021-07-14', NULL, 1);
INSERT INTO `employee` VALUES (1631, '鹿存亮', '男', '1990-01-03', '610122199001031456', '已婚', 1, '陕西', 3, 'zhao@qq.com', '15612347795', '陕西省西安市莲湖区', 92, 12, 34, '劳动合同', '高中', '电子工程', '哈尔滨理工大学', '2018-01-01', '在职', '00000004', 3.5, NULL, NULL, '2018-01-01', '2021-07-14', NULL, 1);
INSERT INTO `employee` VALUES (1632, '姚森', '男', '1991-02-05', '610122199102058952', '已婚', 1, '河南', 3, 'yaosen@qq.com', '14785559936', '河南洛阳人民大道58号', 92, 15, 34, '劳动合同', '硕士', '室内装修设计', '西北大学', '2017-01-02', '在职', '00000005', 7, NULL, NULL, '2017-01-02', '2024-01-17', NULL, 1);
INSERT INTO `employee` VALUES (1633, '云星', '女', '1993-01-05', '610122199301054789', '已婚', 1, '陕西西安', 1, 'yunxing@qq.com', '15644442252', '陕西西安新城区', 92, 16, 34, '劳务合同', '硕士', '通信工程', '西安电子科技学校', '2018-01-01', '在职', '00000006', 5.25, NULL, NULL, '2018-01-01', '2023-04-13', NULL, 1);
INSERT INTO `employee` VALUES (1634, '贾旭明', '男', '1993-11-11', '610122199311111234', '已婚', 1, '广东广州', 4, 'jiaxuming@qq.com', '15644441234', '广东省广州市天河区冼村路', 78, 15, 33, '劳务合同', '初中', '通信工程', '西北大学', '2018-01-01', '在职', '00000007', 5.25, NULL, NULL, '2018-01-01', '2023-04-13', NULL, 1);
INSERT INTO `employee` VALUES (1635, '张黎明', '男', '1991-02-01', '610144199102014569', '已婚', 1, '广东', 6, 'zhangliming@qq.com', '18979994478', '广东珠海', 91, 15, 33, '劳动合同', '高中', '考古', '清华大学', '2018-01-01', '在职', '00000008', 7, NULL, NULL, '2018-01-01', '2025-01-30', NULL, 1);
INSERT INTO `employee` VALUES (1636, '薛磊', '男', '1992-07-01', '610144199207017895', '已婚', 1, '陕西西安', 13, 'xuelei@qq.com', '15648887741', '西安市雁塔区', 92, 14, 34, '劳动合同', '初中', '无', '华胥中学', '2018-01-01', '在职', '00000009', 6, NULL, NULL, '2018-01-01', '2024-01-17', NULL, 1);
INSERT INTO `employee` VALUES (1637, '张洁', '女', '1990-10-09', '420177199010093652', '未婚', 1, '海南', 5, 'zhangjie@qq.com', '13695557742', '海口市美兰区', 92, 16, 34, '劳动合同', '高中', '无', '海南侨中', '2018-01-01', '在职', '00000010', 1, NULL, NULL, '2018-01-01', '2019-01-01', NULL, 1);
INSERT INTO `employee` VALUES (1638, '江南一点雨2', '男', '1990-01-01', '610122199001011256', '已婚', 1, '陕西', 13, 'laowang@qq.com', '18565558897', '深圳市南山区', 91, 9, 29, '劳动合同', '本科', '信息管理与信息系统', '深圳大学', '2018-01-01', '在职', '00000011', 1, NULL, NULL, '2018-01-01', '2019-01-01', NULL, 1);
INSERT INTO `employee` VALUES (1639, '陈静2', '女', '1989-02-01', '421288198902011234', '已婚', 1, '海南', 1, 'chenjing@qq.com', '18795556693', '海南省海口市美兰区', 82, 12, 30, '劳动合同', '高中', '市场营销', '武汉大学', '2015-06-09', '在职', '00000012', 3, NULL, NULL, '2015-06-09', '2018-06-08', NULL, 1);
INSERT INTO `employee` VALUES (1640, '赵琳浩2', '男', '1993-03-04', '610122199303041456', '未婚', 1, '陕西', 3, 'zhao@qq.com', '15698887795', '陕西省西安市莲湖区', 91, 12, 33, '劳动合同', '博士', '电子工程', '哈尔滨理工大学', '2018-01-01', '在职', '00000013', 3.5, NULL, NULL, '2018-01-01', '2021-07-14', NULL, 1);
INSERT INTO `employee` VALUES (1641, '鹿存亮2', '男', '1990-01-03', '610122199001031456', '已婚', 1, '陕西', 3, 'zhao@qq.com', '15612347795', '陕西省西安市莲湖区', 92, 12, 34, '劳动合同', '高中', '电子工程', '哈尔滨理工大学', '2018-01-01', '在职', '00000014', 3.5, NULL, NULL, '2018-01-01', '2021-07-14', NULL, 1);
INSERT INTO `employee` VALUES (1642, '姚森2', '男', '1991-02-05', '610122199102058952', '已婚', 1, '河南', 3, 'yaosen@qq.com', '14785559936', '河南洛阳人民大道58号', 92, 15, 34, '劳动合同', '初中', '室内装修设计', '西北大学', '2017-01-02', '在职', '00000015', 7, NULL, NULL, '2017-01-02', '2024-01-17', NULL, 1);
INSERT INTO `employee` VALUES (1643, '云星2', '女', '1993-01-05', '610122199301054789', '已婚', 1, '陕西西安', 1, 'yunxing@qq.com', '15644442252', '陕西西安新城区', 92, 16, 34, '劳务合同', '硕士', '通信工程', '西安电子科技学校', '2018-01-01', '在职', '00000016', 5.25, NULL, NULL, '2018-01-01', '2023-04-13', NULL, 1);
INSERT INTO `employee` VALUES (1644, '贾旭明2', '男', '1993-11-11', '610122199311111234', '已婚', 1, '广东广州', 4, 'jiaxuming@qq.com', '15644441234', '广东省广州市天河区冼村路', 78, 15, 33, '劳务合同', '初中', '通信工程', '西北大学', '2018-01-01', '在职', '00000017', 5.25, NULL, NULL, '2018-01-01', '2023-04-13', NULL, 1);
INSERT INTO `employee` VALUES (1645, '王一亭', '男', '1991-02-01', '610144199102014569', '已婚', 1, '广东', 6, 'zhangliming@qq.com', '18979994478', '广东珠海', 91, 15, 33, '劳动合同', '高中', '考古', '清华大学', '2018-01-01', '在职', '00000018', 7, NULL, NULL, '2018-01-01', '2025-01-30', NULL, 1);
INSERT INTO `employee` VALUES (1646, '薛磊2', '男', '1992-07-01', '610144199207017895', '已婚', 1, '陕西西安', 13, 'xuelei@qq.com', '15648887741', '西安市雁塔区', 92, 14, 34, '劳动合同', '初中', '无', '华胥中学', '2018-01-01', '在职', '00000019', 1, NULL, NULL, '2018-01-01', '2019-01-01', NULL, 1);
INSERT INTO `employee` VALUES (1647, '张洁2', '女', '1990-10-09', '420177199010093652', '未婚', 1, '海南', 5, 'zhangjie@qq.com', '13695557742', '海口市美兰区', 92, 16, 34, '劳动合同', '高中', '无', '海南侨中', '2018-01-01', '在职', '00000020', 1, NULL, NULL, '2018-01-01', '2019-01-01', NULL, 1);
INSERT INTO `employee` VALUES (1648, '江南一点雨3', '男', '1990-01-01', '610122199001011256', '已婚', 1, '陕西', 13, 'laowang@qq.com', '18565558897', '深圳市南山区', 8, 9, 29, '劳动合同', '本科', '信息管理与信息系统', '深圳大学', '2018-01-01', '在职', '00000021', 1, NULL, NULL, '2018-01-01', '2019-01-01', NULL, 1);
INSERT INTO `employee` VALUES (1649, '陈静3', '女', '1989-02-01', '421288198902011234', '已婚', 1, '海南', 1, 'chenjing@qq.com', '18795556693', '海南省海口市美兰区', 82, 12, 30, '劳动合同', '高中', '市场营销', '武汉大学', '2015-06-09', '在职', '00000022', 3, NULL, NULL, '2015-06-09', '2018-06-08', NULL, 1);
INSERT INTO `employee` VALUES (1650, '鹿存亮3', '男', '1990-01-03', '610122199001031456', '已婚', 1, '陕西', 3, 'zhao@qq.com', '15612347795', '陕西省西安市莲湖区', 92, 12, 34, '劳动合同', '高中', '电子工程', '哈尔滨理工大学', '2018-01-01', '在职', '00000024', 3.5, NULL, NULL, '2018-01-01', '2021-07-14', NULL, 1);
INSERT INTO `employee` VALUES (1651, '姚森3', '男', '1991-02-05', '610122199102058952', '已婚', 1, '河南', 3, 'yaosen@qq.com', '14785559936', '河南洛阳人民大道58号', 92, 15, 34, '劳动合同', '初中', '室内装修设计', '西北大学', '2017-01-02', '在职', '00000025', 7, NULL, NULL, '2017-01-02', '2024-01-17', NULL, 1);
INSERT INTO `employee` VALUES (1652, '云星3', '女', '1993-01-05', '610122199301054789', '已婚', 1, '陕西西安', 1, 'yunxing@qq.com', '15644442252', '陕西西安新城区', 92, 16, 34, '劳务合同', '硕士', '通信工程', '西安电子科技学校', '2018-01-01', '在职', '00000026', 5.25, NULL, NULL, '2018-01-01', '2023-04-13', NULL, 1);
INSERT INTO `employee` VALUES (1653, '贾旭明3', '男', '1993-11-11', '610122199311111234', '已婚', 1, '广东广州', 4, 'jiaxuming@qq.com', '15644441234', '广东省广州市天河区冼村路', 78, 15, 33, '劳务合同', '初中', '通信工程', '西北大学', '2018-01-01', '在职', '00000027', 5.25, NULL, NULL, '2018-01-01', '2023-04-13', NULL, 1);
INSERT INTO `employee` VALUES (1654, '张黎明3', '男', '1991-02-01', '610144199102014569', '已婚', 1, '广东', 6, 'zhangliming@qq.com', '18979994478', '广东珠海', 91, 15, 33, '劳动合同', '高中', '考古', '清华大学', '2018-01-01', '在职', '00000028', 7, NULL, NULL, '2018-01-01', '2025-01-30', NULL, 1);
INSERT INTO `employee` VALUES (1655, '薛磊3', '男', '1992-07-01', '610144199207017895', '已婚', 1, '陕西西安', 13, 'xuelei@qq.com', '15648887741', '西安市雁塔区', 92, 14, 34, '劳动合同', '初中', '无', '华胥中学', '2018-01-01', '在职', '00000029', 6, NULL, NULL, '2018-01-01', '2024-01-17', NULL, 1);
INSERT INTO `employee` VALUES (1656, '江南一点雨4', '男', '1990-01-01', '610122199001011256', '已婚', 1, '陕西', 13, 'laowang@qq.com', '18565558897', '深圳市南山区', 8, 9, 29, '劳动合同', '本科', '信息管理与信息系统', '深圳大学', '2018-01-01', '在职', '00000031', 1, NULL, NULL, '2018-01-01', '2019-01-01', NULL, 1);
INSERT INTO `employee` VALUES (1657, '陈静4', '女', '1989-02-01', '421288198902011234', '已婚', 1, '海南', 1, 'chenjing@qq.com', '18795556693', '海南省海口市美兰区', 82, 12, 30, '劳动合同', '高中', '市场营销', '武汉大学', '2015-06-09', '在职', '00000032', 3, NULL, NULL, '2015-06-09', '2018-06-08', NULL, 1);
INSERT INTO `employee` VALUES (1658, '赵琳浩4', '男', '1993-03-04', '610122199303041456', '未婚', 1, '陕西', 3, 'zhao@qq.com', '15698887795', '陕西省西安市莲湖区', 91, 12, 33, '劳动合同', '博士', '电子工程', '哈尔滨理工大学', '2018-01-01', '在职', '00000033', 3.5, NULL, NULL, '2018-01-01', '2021-07-14', NULL, 1);
INSERT INTO `employee` VALUES (1659, '鹿存亮4', '男', '1990-01-03', '610122199001031456', '已婚', 1, '陕西', 3, 'zhao@qq.com', '15612347795', '陕西省西安市莲湖区', 92, 12, 34, '劳动合同', '高中', '电子工程', '哈尔滨理工大学', '2018-01-01', '在职', '00000034', 3.5, NULL, NULL, '2018-01-01', '2021-07-14', NULL, 1);
INSERT INTO `employee` VALUES (1660, '姚森4', '男', '1991-02-05', '610122199102058952', '已婚', 1, '河南', 3, 'yaosen@qq.com', '14785559936', '河南洛阳人民大道58号', 92, 15, 34, '劳动合同', '初中', '室内装修设计', '西北大学', '2017-01-02', '在职', '00000035', 7, NULL, NULL, '2017-01-02', '2024-01-17', NULL, 1);
INSERT INTO `employee` VALUES (1661, '云星4', '女', '1993-01-05', '610122199301054789', '已婚', 1, '陕西西安', 1, 'yunxing@qq.com', '15644442252', '陕西西安新城区', 92, 16, 34, '劳务合同', '硕士', '通信工程', '西安电子科技学校', '2018-01-01', '在职', '00000036', 5.25, NULL, NULL, '2018-01-01', '2023-04-13', NULL, 1);
INSERT INTO `employee` VALUES (1662, '贾旭明4', '男', '1993-11-11', '610122199311111234', '已婚', 1, '广东广州', 4, 'jiaxuming@qq.com', '15644441234', '广东省广州市天河区冼村路', 78, 15, 33, '劳务合同', '初中', '通信工程', '西北大学', '2018-01-01', '在职', '00000037', 5.25, NULL, NULL, '2018-01-01', '2023-04-13', NULL, 1);
INSERT INTO `employee` VALUES (1663, '张黎明2', '男', '1991-02-01', '610144199102014569', '已婚', 1, '广东', 6, 'zhangliming@qq.com', '18979994478', '广东珠海', 91, 15, 33, '劳动合同', '高中', '考古', '清华大学', '2018-01-01', '在职', '00000038', 7, NULL, NULL, '2018-01-01', '2025-01-30', NULL, 1);
INSERT INTO `employee` VALUES (1664, '薛磊4', '男', '1992-07-01', '610144199207017895', '已婚', 1, '陕西西安', 13, 'xuelei@qq.com', '15648887741', '西安市雁塔区', 92, 14, 34, '劳动合同', '初中', '无', '华胥中学', '2018-01-01', '在职', '00000039', 6, NULL, NULL, '2018-01-01', '2024-01-17', NULL, 1);
INSERT INTO `employee` VALUES (1665, '张洁4', '女', '1990-10-09', '420177199010093652', '未婚', 1, '海南', 5, 'zhangjie@qq.com', '13695557742', '海口市美兰区', 92, 16, 34, '劳动合同', '高中', '无', '海南侨中', '2018-01-01', '在职', '00000040', 1, NULL, NULL, '2018-01-01', '2019-01-01', NULL, 1);
INSERT INTO `employee` VALUES (1666, '江南一点雨5', '男', '1990-01-01', '610122199001011256', '已婚', 1, '陕西', 13, 'laowang@qq.com', '18565558897', '深圳市南山区', 8, 9, 29, '劳动合同', '本科', '信息管理与信息系统', '深圳大学', '2018-01-01', '在职', '00000041', 1, NULL, NULL, '2018-01-01', '2019-01-01', NULL, 1);
INSERT INTO `employee` VALUES (1667, '陈静5', '女', '1989-02-01', '421288198902011234', '已婚', 1, '海南', 1, 'chenjing@qq.com', '18795556693', '海南省海口市美兰区', 82, 12, 30, '劳动合同', '高中', '市场营销', '武汉大学', '2015-06-09', '在职', '00000042', 3, NULL, NULL, '2015-06-09', '2018-06-08', NULL, 1);
INSERT INTO `employee` VALUES (1668, '赵琳浩5', '男', '1993-03-04', '610122199303041456', '未婚', 1, '陕西', 3, 'zhao@qq.com', '15698887795', '陕西省西安市莲湖区', 91, 12, 33, '劳动合同', '博士', '电子工程', '哈尔滨理工大学', '2018-01-01', '在职', '00000043', 3.5, NULL, NULL, '2018-01-01', '2021-07-14', NULL, 1);
INSERT INTO `employee` VALUES (1669, '鹿存亮5', '男', '1990-01-03', '610122199001031456', '已婚', 1, '陕西', 3, 'zhao@qq.com', '15612347795', '陕西省西安市莲湖区', 92, 12, 34, '劳动合同', '高中', '电子工程', '哈尔滨理工大学', '2018-01-01', '在职', '00000044', 3.5, NULL, NULL, '2018-01-01', '2021-07-14', NULL, 1);
INSERT INTO `employee` VALUES (1670, '姚森5', '男', '1991-02-05', '610122199102058952', '已婚', 1, '河南', 3, 'yaosen@qq.com', '14785559936', '河南洛阳人民大道58号', 92, 15, 34, '劳动合同', '初中', '室内装修设计', '西北大学', '2017-01-02', '在职', '00000045', 7, NULL, NULL, '2017-01-02', '2024-01-17', NULL, 1);
INSERT INTO `employee` VALUES (1671, '云星5', '女', '1993-01-05', '610122199301054789', '已婚', 1, '陕西西安', 1, 'yunxing@qq.com', '15644442252', '陕西西安新城区', 92, 16, 34, '劳务合同', '硕士', '通信工程', '西安电子科技学校', '2018-01-01', '在职', '00000046', 5.25, NULL, NULL, '2018-01-01', '2023-04-13', NULL, 1);
INSERT INTO `employee` VALUES (1672, '贾旭明5', '男', '1993-11-11', '610122199311111234', '已婚', 1, '广东广州', 4, 'jiaxuming@qq.com', '15644441234', '广东省广州市天河区冼村路', 78, 15, 33, '劳务合同', '初中', '通信工程', '西北大学', '2018-01-01', '在职', '00000047', 5.25, NULL, NULL, '2018-01-01', '2023-04-13', NULL, 1);
INSERT INTO `employee` VALUES (1673, '张黎明5', '男', '1991-02-01', '610144199102014569', '已婚', 1, '广东', 6, 'zhangliming@qq.com', '18979994478', '广东珠海', 91, 15, 33, '劳动合同', '高中', '考古', '清华大学', '2018-01-01', '在职', '00000048', 7, NULL, NULL, '2018-01-01', '2025-01-30', NULL, 1);
INSERT INTO `employee` VALUES (1674, '薛磊5', '男', '1992-07-01', '610144199207017895', '已婚', 1, '陕西西安', 13, 'xuelei@qq.com', '15648887741', '西安市雁塔区', 92, 14, 34, '劳动合同', '初中', '无', '华胥中学', '2018-01-01', '在职', '00000049', 6, NULL, NULL, '2018-01-01', '2024-01-17', NULL, 1);
INSERT INTO `employee` VALUES (1675, '张洁5', '女', '1990-10-09', '420177199010093652', '未婚', 1, '海南', 5, 'zhangjie@qq.com', '13695557742', '海口市美兰区', 92, 16, 34, '劳动合同', '高中', '无', '海南侨中', '2018-01-01', '在职', '00000050', 1, NULL, NULL, '2018-01-01', '2019-01-01', NULL, 1);
INSERT INTO `employee` VALUES (1676, '江南一点雨6', '男', '1990-01-01', '610122199001011256', '已婚', 1, '陕西', 13, 'laowang@qq.com', '18565558897', '深圳市南山区', 8, 9, 29, '劳动合同', '本科', '信息管理与信息系统', '深圳大学', '2018-01-01', '在职', '00000051', 1, NULL, NULL, '2018-01-01', '2019-01-01', NULL, 1);
INSERT INTO `employee` VALUES (1677, '陈静6', '女', '1989-02-01', '421288198902011234', '已婚', 1, '海南', 1, 'chenjing@qq.com', '18795556693', '海南省海口市美兰区', 82, 12, 30, '劳动合同', '高中', '市场营销', '武汉大学', '2015-06-09', '在职', '00000052', 3, NULL, NULL, '2015-06-09', '2018-06-08', NULL, 1);
INSERT INTO `employee` VALUES (1678, '赵琳浩6', '男', '1993-03-04', '610122199303041456', '未婚', 1, '陕西', 3, 'zhao@qq.com', '15698887795', '陕西省西安市莲湖区', 91, 12, 33, '劳动合同', '博士', '电子工程', '哈尔滨理工大学', '2018-01-01', '在职', '00000053', 3.5, NULL, NULL, '2018-01-01', '2021-07-14', NULL, 1);
INSERT INTO `employee` VALUES (1679, '鹿存亮6', '男', '1990-01-03', '610122199001031456', '已婚', 1, '陕西', 3, 'zhao@qq.com', '15612347795', '陕西省西安市莲湖区', 92, 12, 34, '劳动合同', '高中', '电子工程', '哈尔滨理工大学', '2018-01-01', '在职', '00000054', 3.5, NULL, NULL, '2018-01-01', '2021-07-14', NULL, 1);
INSERT INTO `employee` VALUES (1680, '姚森6', '男', '1991-02-05', '610122199102058952', '已婚', 1, '河南', 3, 'yaosen@qq.com', '14785559936', '河南洛阳人民大道58号', 92, 15, 34, '劳动合同', '初中', '室内装修设计', '西北大学', '2017-01-02', '在职', '00000055', 7, NULL, NULL, '2017-01-02', '2024-01-17', NULL, 1);
INSERT INTO `employee` VALUES (1681, '云星6', '女', '1993-01-05', '610122199301054789', '已婚', 1, '陕西西安', 1, 'yunxing@qq.com', '15644442252', '陕西西安新城区', 92, 16, 34, '劳务合同', '硕士', '通信工程', '西安电子科技学校', '2018-01-01', '在职', '00000056', 5.25, NULL, NULL, '2018-01-01', '2023-04-13', NULL, 1);
INSERT INTO `employee` VALUES (1682, '江南一点雨', '男', '1990-01-01', '610122199001011256', '已婚', 1, '陕西', 13, 'laowang@qq.com', '18565558897', '深圳市南山区', 8, 9, 29, '劳动合同', '本科', '信息管理与信息系统', '深圳大学', '2018-01-01', '在职', '00000001', 1, NULL, NULL, '2018-01-01', '2019-01-01', NULL, 1);
INSERT INTO `employee` VALUES (1683, '陈静', '女', '1989-02-01', '421288198902011234', '已婚', 1, '海南', 1, 'chenjing@qq.com', '18795556693', '海南省海口市美兰区', 82, 12, 30, '劳动合同', '高中', '市场营销', '武汉大学', '2015-06-09', '在职', '00000002', 3, NULL, NULL, '2015-06-09', '2018-06-08', NULL, 1);
INSERT INTO `employee` VALUES (1684, '赵琳浩', '男', '1993-03-04', '610122199303041456', '未婚', 1, '陕西', 3, 'zhao@qq.com', '15698887795', '陕西省西安市莲湖区', 91, 12, 33, '劳动合同', '博士', '电子工程', '哈尔滨理工大学', '2018-01-01', '在职', '00000003', 3.5, NULL, NULL, '2018-01-01', '2021-07-14', NULL, 1);
INSERT INTO `employee` VALUES (1685, '鹿存亮', '男', '1990-01-03', '610122199001031456', '已婚', 1, '陕西', 3, 'zhao@qq.com', '15612347795', '陕西省西安市莲湖区', 92, 12, 34, '劳动合同', '高中', '电子工程', '哈尔滨理工大学', '2018-01-01', '在职', '00000004', 3.5, NULL, NULL, '2018-01-01', '2021-07-14', NULL, 1);
INSERT INTO `employee` VALUES (1686, '姚森', '男', '1991-02-05', '610122199102058952', '已婚', 1, '河南', 3, 'yaosen@qq.com', '14785559936', '河南洛阳人民大道58号', 92, 15, 34, '劳动合同', '初中', '室内装修设计', '西北大学', '2017-01-02', '在职', '00000005', 7, NULL, NULL, '2017-01-02', '2024-01-17', NULL, 1);
INSERT INTO `employee` VALUES (1687, '贾旭明', '男', '1993-11-11', '610122199311111234', '已婚', 1, '广东广州', 4, 'jiaxuming@qq.com', '15644441234', '广东省广州市天河区冼村路', 78, 15, 33, '劳务合同', '初中', '通信工程', '西北大学', '2018-01-01', '在职', '00000007', 5.25, NULL, NULL, '2018-01-01', '2023-04-13', NULL, 1);
INSERT INTO `employee` VALUES (1688, '张黎明', '男', '1991-02-01', '610144199102014569', '已婚', 1, '广东', 6, 'zhangliming@qq.com', '18979994478', '广东珠海', 91, 15, 33, '劳动合同', '高中', '考古', '清华大学', '2018-01-01', '在职', '00000008', 7, NULL, NULL, '2018-01-01', '2025-01-30', NULL, 1);
INSERT INTO `employee` VALUES (1689, '薛磊', '男', '1992-07-01', '610144199207017895', '已婚', 1, '陕西西安', 13, 'xuelei@qq.com', '15648887741', '西安市雁塔区', 92, 14, 34, '劳动合同', '初中', '无', '华胥中学', '2018-01-01', '在职', '00000009', 6, NULL, NULL, '2018-01-01', '2024-01-17', NULL, 1);
INSERT INTO `employee` VALUES (1690, '张洁', '女', '1990-10-09', '420177199010093652', '未婚', 1, '海南', 5, 'zhangjie@qq.com', '13695557742', '海口市美兰区', 92, 16, 34, '劳动合同', '高中', '无', '海南侨中', '2018-01-01', '在职', '00000010', 1, NULL, NULL, '2018-01-01', '2019-01-01', NULL, 1);
INSERT INTO `employee` VALUES (1691, '江南一点雨2', '男', '1990-01-01', '610122199001011256', '已婚', 1, '陕西', 13, 'laowang@qq.com', '18565558897', '深圳市南山区', 8, 9, 29, '劳动合同', '本科', '信息管理与信息系统', '深圳大学', '2018-01-01', '在职', '00000011', 1, NULL, NULL, '2018-01-01', '2019-01-01', NULL, 1);
INSERT INTO `employee` VALUES (1692, '陈静2', '女', '1989-02-01', '421288198902011234', '已婚', 1, '海南', 1, 'chenjing@qq.com', '18795556693', '海南省海口市美兰区', 82, 12, 30, '劳动合同', '高中', '市场营销', '武汉大学', '2015-06-09', '在职', '00000012', 3, NULL, NULL, '2015-06-09', '2018-06-08', NULL, 1);
INSERT INTO `employee` VALUES (1693, '赵琳浩2', '男', '1993-03-04', '610122199303041456', '未婚', 1, '陕西', 3, 'zhao@qq.com', '15698887795', '陕西省西安市莲湖区', 91, 12, 33, '劳动合同', '博士', '电子工程', '哈尔滨理工大学', '2018-01-01', '在职', '00000013', 3.5, NULL, NULL, '2018-01-01', '2021-07-14', NULL, 1);
INSERT INTO `employee` VALUES (1694, '鹿存亮2', '男', '1990-01-03', '610122199001031456', '已婚', 1, '陕西', 3, 'zhao@qq.com', '15612347795', '陕西省西安市莲湖区', 92, 12, 34, '劳动合同', '高中', '电子工程', '哈尔滨理工大学', '2018-01-01', '在职', '00000014', 3.5, NULL, NULL, '2018-01-01', '2021-07-14', NULL, 1);
INSERT INTO `employee` VALUES (1695, '姚森2', '男', '1991-02-05', '610122199102058952', '已婚', 1, '河南', 3, 'yaosen@qq.com', '14785559936', '河南洛阳人民大道58号', 92, 15, 34, '劳动合同', '初中', '室内装修设计', '西北大学', '2017-01-02', '在职', '00000015', 7, NULL, NULL, '2017-01-02', '2024-01-17', NULL, 1);
INSERT INTO `employee` VALUES (1696, '云星2', '女', '1993-01-05', '610122199301054789', '已婚', 1, '陕西西安', 1, 'yunxing@qq.com', '15644442252', '陕西西安新城区', 92, 16, 34, '劳务合同', '硕士', '通信工程', '西安电子科技学校', '2018-01-01', '在职', '00000016', 5.25, NULL, NULL, '2018-01-01', '2023-04-13', NULL, 1);
INSERT INTO `employee` VALUES (1697, '贾旭明2', '男', '1993-11-11', '610122199311111234', '已婚', 1, '广东广州', 4, 'jiaxuming@qq.com', '15644441234', '广东省广州市天河区冼村路', 78, 15, 33, '劳务合同', '初中', '通信工程', '西北大学', '2018-01-01', '在职', '00000017', 5.25, NULL, NULL, '2018-01-01', '2023-04-13', NULL, 1);
INSERT INTO `employee` VALUES (1698, '王一亭', '男', '1991-02-01', '610144199102014569', '已婚', 1, '广东', 6, 'zhangliming@qq.com', '18979994478', '广东珠海', 91, 15, 33, '劳动合同', '高中', '考古', '清华大学', '2018-01-01', '在职', '00000018', 7, NULL, NULL, '2018-01-01', '2025-01-30', NULL, 1);
INSERT INTO `employee` VALUES (1699, '薛磊2', '男', '1992-07-01', '610144199207017895', '已婚', 1, '陕西西安', 13, 'xuelei@qq.com', '15648887741', '西安市雁塔区', 92, 14, 34, '劳动合同', '初中', '无', '华胥中学', '2018-01-01', '在职', '00000019', 1, NULL, NULL, '2018-01-01', '2019-01-01', NULL, 1);
INSERT INTO `employee` VALUES (1700, '张洁2', '女', '1990-10-09', '420177199010093652', '未婚', 1, '海南', 5, 'zhangjie@qq.com', '13695557742', '海口市美兰区', 92, 16, 34, '劳动合同', '高中', '无', '海南侨中', '2018-01-01', '在职', '00000020', 1, NULL, NULL, '2018-01-01', '2019-01-01', NULL, 1);
INSERT INTO `employee` VALUES (1701, '江南一点雨3', '男', '1990-01-01', '610122199001011256', '已婚', 1, '陕西', 13, 'laowang@qq.com', '18565558897', '深圳市南山区', 8, 9, 29, '劳动合同', '本科', '信息管理与信息系统', '深圳大学', '2018-01-01', '在职', '00000021', 1, NULL, NULL, '2018-01-01', '2019-01-01', NULL, 1);
INSERT INTO `employee` VALUES (1702, '陈静3', '女', '1989-02-01', '421288198902011234', '已婚', 1, '海南', 1, 'chenjing@qq.com', '18795556693', '海南省海口市美兰区', 82, 12, 30, '劳动合同', '高中', '市场营销', '武汉大学', '2015-06-09', '在职', '00000022', 3, NULL, NULL, '2015-06-09', '2018-06-08', NULL, 1);
INSERT INTO `employee` VALUES (1703, '鹿存亮3', '男', '1990-01-03', '610122199001031456', '已婚', 1, '陕西', 3, 'zhao@qq.com', '15612347795', '陕西省西安市莲湖区', 92, 12, 34, '劳动合同', '高中', '电子工程', '哈尔滨理工大学', '2018-01-01', '在职', '00000024', 3.5, NULL, NULL, '2018-01-01', '2021-07-14', NULL, 1);
INSERT INTO `employee` VALUES (1704, '姚森3', '男', '1991-02-05', '610122199102058952', '已婚', 1, '河南', 3, 'yaosen@qq.com', '14785559936', '河南洛阳人民大道58号', 92, 15, 34, '劳动合同', '初中', '室内装修设计', '西北大学', '2017-01-02', '在职', '00000025', 7, NULL, NULL, '2017-01-02', '2024-01-17', NULL, 1);
INSERT INTO `employee` VALUES (1705, '云星3', '女', '1993-01-05', '610122199301054789', '已婚', 1, '陕西西安', 1, 'yunxing@qq.com', '15644442252', '陕西西安新城区', 92, 16, 34, '劳务合同', '硕士', '通信工程', '西安电子科技学校', '2018-01-01', '在职', '00000026', 5.25, NULL, NULL, '2018-01-01', '2023-04-13', NULL, 1);
INSERT INTO `employee` VALUES (1706, '贾旭明3', '男', '1993-11-11', '610122199311111234', '已婚', 1, '广东广州', 4, 'jiaxuming@qq.com', '15644441234', '广东省广州市天河区冼村路', 78, 15, 33, '劳务合同', '初中', '通信工程', '西北大学', '2018-01-01', '在职', '00000027', 5.25, NULL, NULL, '2018-01-01', '2023-04-13', NULL, 1);
INSERT INTO `employee` VALUES (1707, '张黎明3', '男', '1991-02-01', '610144199102014569', '已婚', 1, '广东', 6, 'zhangliming@qq.com', '18979994478', '广东珠海', 91, 15, 33, '劳动合同', '高中', '考古', '清华大学', '2018-01-01', '在职', '00000028', 7, NULL, NULL, '2018-01-01', '2025-01-30', NULL, 1);
INSERT INTO `employee` VALUES (1708, '薛磊3', '男', '1992-07-01', '610144199207017895', '已婚', 1, '陕西西安', 13, 'xuelei@qq.com', '15648887741', '西安市雁塔区', 92, 14, 34, '劳动合同', '初中', '无', '华胥中学', '2018-01-01', '在职', '00000029', 6, NULL, NULL, '2018-01-01', '2024-01-17', NULL, 1);
INSERT INTO `employee` VALUES (1709, '江南一点雨4', '男', '1990-01-01', '610122199001011256', '已婚', 1, '陕西', 13, 'laowang@qq.com', '18565558897', '深圳市南山区', 8, 9, 29, '劳动合同', '本科', '信息管理与信息系统', '深圳大学', '2018-01-01', '在职', '00000031', 1, NULL, NULL, '2018-01-01', '2019-01-01', NULL, 1);
INSERT INTO `employee` VALUES (1710, '陈静4', '女', '1989-02-01', '421288198902011234', '已婚', 1, '海南', 1, 'chenjing@qq.com', '18795556693', '海南省海口市美兰区', 82, 12, 30, '劳动合同', '高中', '市场营销', '武汉大学', '2015-06-09', '在职', '00000032', 3, NULL, NULL, '2015-06-09', '2018-06-08', NULL, 1);
INSERT INTO `employee` VALUES (1711, '赵琳浩4', '男', '1993-03-04', '610122199303041456', '未婚', 1, '陕西', 3, 'zhao@qq.com', '15698887795', '陕西省西安市莲湖区', 91, 12, 33, '劳动合同', '博士', '电子工程', '哈尔滨理工大学', '2018-01-01', '在职', '00000033', 3.5, NULL, NULL, '2018-01-01', '2021-07-14', NULL, 1);
INSERT INTO `employee` VALUES (1712, '鹿存亮4', '男', '1990-01-03', '610122199001031456', '已婚', 1, '陕西', 3, 'zhao@qq.com', '15612347795', '陕西省西安市莲湖区', 92, 12, 34, '劳动合同', '高中', '电子工程', '哈尔滨理工大学', '2018-01-01', '在职', '00000034', 3.5, NULL, NULL, '2018-01-01', '2021-07-14', NULL, 1);
INSERT INTO `employee` VALUES (1713, '姚森4', '男', '1991-02-05', '610122199102058952', '已婚', 1, '河南', 3, 'yaosen@qq.com', '14785559936', '河南洛阳人民大道58号', 92, 15, 34, '劳动合同', '初中', '室内装修设计', '西北大学', '2017-01-02', '在职', '00000035', 7, NULL, NULL, '2017-01-02', '2024-01-17', NULL, 1);
INSERT INTO `employee` VALUES (1714, '云星4', '女', '1993-01-05', '610122199301054789', '已婚', 1, '陕西西安', 1, 'yunxing@qq.com', '15644442252', '陕西西安新城区', 92, 16, 34, '劳务合同', '硕士', '通信工程', '西安电子科技学校', '2018-01-01', '在职', '00000036', 5.25, NULL, NULL, '2018-01-01', '2023-04-13', NULL, 1);
INSERT INTO `employee` VALUES (1715, '贾旭明4', '男', '1993-11-11', '610122199311111234', '已婚', 1, '广东广州', 4, 'jiaxuming@qq.com', '15644441234', '广东省广州市天河区冼村路', 78, 15, 33, '劳务合同', '初中', '通信工程', '西北大学', '2018-01-01', '在职', '00000037', 5.25, NULL, NULL, '2018-01-01', '2023-04-13', NULL, 1);
INSERT INTO `employee` VALUES (1716, '谢工', '女', '1970-01-01', '618177197001011234', '离异', 1, '江苏', 1, '584991843@qq.com', '18558887788', '北京', 91, 12, 29, '劳动合同', '本科', '计算机软件', '南华大学', '2018-01-01', '在职', '00000038', 5, NULL, NULL, '2018-01-01', '2023-01-01', NULL, 1);
INSERT INTO `employee` VALUES (1717, '林昭亮', '男', '1990-01-01', '610122199809091234', '已婚', 1, '广东', 13, '584991843@qq.com', '16767776654', '广东深圳', 91, 15, 33, '劳动合同', '大专', '计算机软件', '广东职业技术学院', '2018-01-01', '在职', '00000039', 5, NULL, NULL, '2018-01-01', '2023-01-01', NULL, 1);
INSERT INTO `employee` VALUES (1718, '11', '男', '2018-01-01', '610122201801011234', '已婚', 1, '1', 1, '584991843@qq.com', '111', '1', 89, 9, 29, '劳动合同', '本科', '1', '1', '2018-01-01', '在职', '00000040', 4, NULL, NULL, '2018-01-01', '2022-01-26', NULL, 1);
INSERT INTO `employee` VALUES (1719, '1', '男', '2018-01-01', '610188199809091234', '已婚', 1, '1', 1, '584991843@qq.com', '1', '1', 89, 9, 29, '劳动合同', '大专', '1', '1', '2018-01-31', '在职', '00000041', 1, NULL, NULL, '2018-01-31', '2019-01-31', NULL, 1);
INSERT INTO `employee` VALUES (1720, '1', '男', '2018-01-01', '610122199909090000', '已婚', 1, '1', 1, '584991843@qq.com', '1', '1', 78, 9, 29, '劳动合同', '大专', '1', '1', '2018-01-31', '在职', '00000042', 1, NULL, NULL, '2018-01-31', '2019-01-31', NULL, 1);
INSERT INTO `employee` VALUES (1721, '1', '男', '2018-01-01', '610122199909090000', '已婚', 1, '1', 1, '584991843@qq.com', '1', '1', 81, 9, 29, '劳动合同', '大专', '1', '1', '2018-01-31', '在职', '00000043', 0, NULL, NULL, '2018-01-31', '2018-01-31', NULL, 1);
INSERT INTO `employee` VALUES (1722, '1', '男', '2018-01-01', '610122199909099999', '已婚', 1, '1', 1, '584991843@qq.com', '1', '1', 87, 9, 29, '劳动合同', '大专', '1', '1', '2018-01-01', '在职', '00000044', 0, NULL, NULL, '2018-01-01', '2018-01-31', NULL, 1);
INSERT INTO `employee` VALUES (1723, '1', '男', '2018-01-01', '610122199909099999', '已婚', 1, '1', 1, '584991843@qq.com', '1', '1', 78, 9, 29, '劳动合同', '大专', '1', '1', '2018-01-01', '在职', '00000045', 0, NULL, NULL, '2018-01-01', '2018-01-31', NULL, 1);
INSERT INTO `employee` VALUES (1724, '林伯渠', '男', '2018-01-01', '610122199909099999', '未婚', 1, '1', 1, '584991843@qq.com', '1', '1', 8, 9, 29, '劳动合同', '大专', '1', '1', '2018-01-31', '在职', '00000046', 0, NULL, NULL, '2018-01-31', '2018-01-31', NULL, 1);
INSERT INTO `employee` VALUES (1725, '1', '男', '2018-01-01', '610122199909091234', '已婚', 1, '1', 1, '584991843@qq.com', '1', '1', 8, 9, 29, '劳动合同', '大专', '1', '1', '2018-01-31', '在职', '00000047', 0, NULL, NULL, '2018-01-31', '2018-01-31', NULL, 1);
INSERT INTO `employee` VALUES (1726, 'javaboy', '男', '1989-12-31', '610122199001011256', '已婚', 1, '陕西', 13, 'laowang@qq.com', '18565558897', '深圳市南山区', 5, 9, 29, '劳务合同', '本科', '信息管理与信息系统', '深圳大学', '2017-12-31', '在职', '00000057', 2, '2018-03-31', NULL, '2017-12-31', '2019-12-31', NULL, 1);
INSERT INTO `employee` VALUES (1727, 'javaboy', '男', '1989-12-31', '610122199001011256', '已婚', 1, '陕西', 13, 'laowang@qq.com', '18565558897', '深圳市南山区', 93, 9, 29, '劳务合同', '本科', '信息管理与信息系统', '深圳大学', '2019-11-05', '在职', '00000058', 2, '2018-03-31', NULL, '2017-12-31', '2019-12-31', NULL, 1);
INSERT INTO `employee` VALUES (1728, 'javaboy', '男', '1989-12-31', '610122199001011256', '已婚', 1, '', 13, 'laowang@qq.com', '18565558897', '深圳市南山区', 93, 9, 29, '劳务合同', '本科', '信息管理与信息系统', '深圳大学', '2019-11-05', '在职', '00000059', 2, '2018-03-31', NULL, '2017-12-31', '2019-12-31', NULL, 1);
INSERT INTO `employee` VALUES (1729, 'javaboy', '男', '1989-12-31', '610122199001011256', '已婚', 1, '陕西', 13, 'laowan@123.com', '18565558897', '深圳市南山区', 5, 9, 29, '劳务合同', '本科', '信息管理与信息系统', '深圳大学', '2017-12-31', '在职', '00000060', 2, '2018-03-31', NULL, '2017-12-31', '2019-12-31', NULL, 1);
INSERT INTO `employee` VALUES (1730, 'javaboy', '男', '1989-12-31', '610122199001011256', '已婚', 1, '陕西', 13, 'laowan@123.com', '18565558897', '深圳市南山区', 5, 9, 29, '劳务合同', '本科', '信息管理与信息系统', '深圳大学', '2017-12-31', '在职', '00000060', 2, '2018-03-31', NULL, '2017-12-31', '2019-12-31', NULL, 1);
INSERT INTO `employee` VALUES (1731, 'javaboy', '男', '1989-12-31', '610122199001011256', '已婚', 1, '陕西', 13, 'laowang@qq.com', '18565558897', '深圳市南山区', 91, 9, 29, '劳务合同', '本科', '信息管理与信息系统', '深圳大学', '2017-12-31', '在职', '00000061', 2, '2018-03-31', NULL, '2017-12-31', '2019-12-31', NULL, 1);
INSERT INTO `employee` VALUES (1732, 'javaboy', '男', '1989-12-31', '610122199001011256', '已婚', 1, '陕西', 13, 'laowang@qq.com', '18565558897', '深圳市南山区', 91, 9, 29, '劳务合同', '本科', '信息管理与信息系统', '深圳大学', '2017-12-31', '在职', '00000062', 6.17, '2018-03-31', NULL, '2017-12-31', '2024-02-29', NULL, 1);
INSERT INTO `employee` VALUES (1733, 'javaboy666', '男', '2019-11-10', '610122199911111111', '已婚', 1, '广东', 13, '123@qq.com', '12345678901', '广东深圳', 78, 9, 29, '劳动合同', '本科', '信管', '深圳大学', '2019-11-10', '在职', '00000063', 3.25, '2020-02-10', NULL, '2019-11-10', '2023-02-22', NULL, 1);
INSERT INTO `employee` VALUES (1734, 'javaboy666', '男', '2019-11-10', '610122199911111111', '已婚', 1, '广东', 13, '123@qq.com', '12345678901', '广东深圳', 78, 9, 29, '劳动合同', '本科', '信管', '深圳大学', '2019-11-10', '在职', '00000063', 3.25, '2020-02-10', NULL, '2019-11-10', '2023-02-22', NULL, 1);
INSERT INTO `employee` VALUES (1735, '江南一点雨', '男', '1990-01-01', '610122199001011256', '已婚', 1, '陕西', 13, 'laowang@qq.com', '18565558897', '深圳市南山区', 5, 9, 29, '劳务合同', '本科', '信息管理与信息系统', '深圳大学', '2018-01-01', '在职', '00000001', 2, '2018-04-01', NULL, '2018-01-01', '2020-01-01', NULL, 1);
INSERT INTO `employee` VALUES (1736, '陈静', '女', '1989-02-01', '421288198902011234', '已婚', 1, '海南', 1, 'chenjing@qq.com', '18795556693', '海南省海口市美兰区', 91, 12, 29, '劳动合同', '高中', '市场营销', '武汉大学', '2015-06-09', '在职', '00000002', 3, '2015-09-10', NULL, '2015-06-09', '2018-06-08', NULL, 1);
INSERT INTO `employee` VALUES (1737, '赵琳浩', '男', '1993-03-04', '610122199303041456', '未婚', 1, '陕西', 3, 'zhao@qq.com', '15698887795', '陕西省西安市莲湖区', 91, 12, 33, '劳动合同', '博士', '电子工程', '哈尔滨理工大学', '2018-01-01', '在职', '00000003', 3.5, '2018-04-01', NULL, '2018-01-01', '2021-07-14', NULL, 1);
INSERT INTO `employee` VALUES (1738, '鹿存亮', '男', '1990-01-03', '610122199001031456', '已婚', 1, '陕西', 3, 'zhao@qq.com', '15612347795', '陕西省西安市莲湖区', 92, 12, 34, '劳动合同', '高中', '电子工程', '哈尔滨理工大学', '2018-01-01', '在职', '00000004', 3.5, '2018-04-01', NULL, '2018-01-01', '2021-07-14', NULL, 1);
INSERT INTO `employee` VALUES (1739, '姚森', '男', '1991-02-05', '610122199102058952', '已婚', 1, '河南', 3, 'yaosen@qq.com', '14785559936', '河南洛阳人民大道58号', 92, 15, 34, '劳动合同', '硕士', '室内装修设计', '西北大学', '2017-01-02', '在职', '00000005', 7, '2017-04-02', NULL, '2017-01-02', '2024-01-17', NULL, 1);
INSERT INTO `employee` VALUES (1740, '云星', '女', '1993-01-05', '610122199301054789', '已婚', 1, '陕西西安', 1, 'yunxing@qq.com', '15644442252', '陕西西安新城区', 92, 16, 34, '劳务合同', '硕士', '通信工程', '西安电子科技学校', '2018-01-01', '在职', '00000006', 5.25, '2018-04-01', NULL, '2018-01-01', '2023-04-13', NULL, 1);
INSERT INTO `employee` VALUES (1741, '贾旭明', '男', '1993-11-11', '610122199311111234', '已婚', 1, '广东广州', 4, 'jiaxuming@qq.com', '15644441234', '广东省广州市天河区冼村路', 78, 15, 33, '劳务合同', '初中', '通信工程', '西北大学', '2018-01-01', '在职', '00000007', 5.25, '2018-04-01', NULL, '2018-01-01', '2023-04-13', NULL, 1);
INSERT INTO `employee` VALUES (1742, '张黎明', '男', '1991-02-01', '610144199102014569', '已婚', 1, '广东', 6, 'zhangliming@qq.com', '18979994478', '广东珠海', 91, 15, 33, '劳动合同', '高中', '考古', '清华大学', '2018-01-01', '在职', '00000008', 7, '2018-04-01', NULL, '2018-01-01', '2025-01-30', NULL, 1);
INSERT INTO `employee` VALUES (1743, '薛磊', '男', '1992-07-01', '610144199207017895', '已婚', 1, '陕西西安', 13, 'xuelei@qq.com', '15648887741', '西安市雁塔区', 92, 14, 34, '劳动合同', '初中', '无', '华胥中学', '2018-01-01', '在职', '00000009', 6, '2018-04-01', NULL, '2018-01-01', '2024-01-17', NULL, 1);
INSERT INTO `employee` VALUES (1744, '张洁', '女', '1990-10-09', '420177199010093652', '未婚', 1, '海南', 5, 'zhangjie@qq.com', '13695557742', '海口市美兰区', 92, 16, 34, '劳动合同', '高中', '无', '海南侨中', '2018-01-01', '在职', '00000010', 1, '2018-01-31', NULL, '2018-01-01', '2019-01-01', NULL, 1);
INSERT INTO `employee` VALUES (1745, '江南一点雨2', '男', '1990-01-01', '610122199001011256', '已婚', 1, '陕西', 13, 'laowang@qq.com', '18565558897', '深圳市南山区', 91, 9, 29, '劳动合同', '本科', '信息管理与信息系统', '深圳大学', '2018-01-01', '在职', '00000011', 1, '2018-04-01', NULL, '2018-01-01', '2019-01-01', NULL, 1);
INSERT INTO `employee` VALUES (1746, '陈静2', '女', '1989-02-01', '421288198902011234', '已婚', 1, '海南', 1, 'chenjing@qq.com', '18795556693', '海南省海口市美兰区', 82, 12, 30, '劳动合同', '高中', '市场营销', '武汉大学', '2015-06-09', '在职', '00000012', 3, '2015-09-10', NULL, '2015-06-09', '2018-06-08', NULL, 1);
INSERT INTO `employee` VALUES (1747, '赵琳浩2', '男', '1993-03-04', '610122199303041456', '未婚', 1, '陕西', 3, 'zhao@qq.com', '15698887795', '陕西省西安市莲湖区', 91, 12, 33, '劳动合同', '博士', '电子工程', '哈尔滨理工大学', '2018-01-01', '在职', '00000013', 3.5, '2018-04-01', NULL, '2018-01-01', '2021-07-14', NULL, 1);
INSERT INTO `employee` VALUES (1748, '鹿存亮2', '男', '1990-01-03', '610122199001031456', '已婚', 1, '陕西', 3, 'zhao@qq.com', '15612347795', '陕西省西安市莲湖区', 92, 12, 34, '劳动合同', '高中', '电子工程', '哈尔滨理工大学', '2018-01-01', '在职', '00000014', 3.5, '2018-04-01', NULL, '2018-01-01', '2021-07-14', NULL, 1);
INSERT INTO `employee` VALUES (1749, '姚森2', '男', '1991-02-05', '610122199102058952', '已婚', 1, '河南', 3, 'yaosen@qq.com', '14785559936', '河南洛阳人民大道58号', 92, 15, 34, '劳动合同', '初中', '室内装修设计', '西北大学', '2017-01-02', '在职', '00000015', 7, '2017-04-02', NULL, '2017-01-02', '2024-01-17', NULL, 1);
INSERT INTO `employee` VALUES (1750, '云星2', '女', '1993-01-05', '610122199301054789', '已婚', 1, '陕西西安', 1, 'yunxing@qq.com', '15644442252', '陕西西安新城区', 92, 16, 34, '劳务合同', '硕士', '通信工程', '西安电子科技学校', '2018-01-01', '在职', '00000016', 5.25, '2018-04-01', NULL, '2018-01-01', '2023-04-13', NULL, 1);
INSERT INTO `employee` VALUES (1751, '贾旭明2', '男', '1993-11-11', '610122199311111234', '已婚', 1, '广东广州', 4, 'jiaxuming@qq.com', '15644441234', '广东省广州市天河区冼村路', 78, 15, 33, '劳务合同', '初中', '通信工程', '西北大学', '2018-01-01', '在职', '00000017', 5.25, '2018-04-01', NULL, '2018-01-01', '2023-04-13', NULL, 1);
INSERT INTO `employee` VALUES (1752, '王一亭', '男', '1991-02-01', '610144199102014569', '已婚', 1, '广东', 6, 'zhangliming@qq.com', '18979994478', '广东珠海', 91, 15, 33, '劳动合同', '高中', '考古', '清华大学', '2018-01-01', '在职', '00000018', 7, '2018-04-01', NULL, '2018-01-01', '2025-01-30', NULL, 1);
INSERT INTO `employee` VALUES (1753, '薛磊2', '男', '1992-07-01', '610144199207017895', '已婚', 1, '陕西西安', 13, 'xuelei@qq.com', '15648887741', '西安市雁塔区', 92, 14, 34, '劳动合同', '初中', '无', '华胥中学', '2018-01-01', '在职', '00000019', 1, '2018-04-01', NULL, '2018-01-01', '2019-01-01', NULL, 1);
INSERT INTO `employee` VALUES (1754, '张洁2', '女', '1990-10-09', '420177199010093652', '未婚', 1, '海南', 5, 'zhangjie@qq.com', '13695557742', '海口市美兰区', 92, 16, 34, '劳动合同', '高中', '无', '海南侨中', '2018-01-01', '在职', '00000020', 1, '2018-01-31', NULL, '2018-01-01', '2019-01-01', NULL, 1);
INSERT INTO `employee` VALUES (1755, '江南一点雨3', '男', '1990-01-01', '610122199001011256', '已婚', 1, '陕西', 13, 'laowang@qq.com', '18565558897', '深圳市南山区', 8, 9, 29, '劳动合同', '本科', '信息管理与信息系统', '深圳大学', '2018-01-01', '在职', '00000021', 1, '2018-04-01', NULL, '2018-01-01', '2019-01-01', NULL, 1);
INSERT INTO `employee` VALUES (1756, '陈静3', '女', '1989-02-01', '421288198902011234', '已婚', 1, '海南', 1, 'chenjing@qq.com', '18795556693', '海南省海口市美兰区', 82, 12, 30, '劳动合同', '高中', '市场营销', '武汉大学', '2015-06-09', '在职', '00000022', 3, '2015-09-10', NULL, '2015-06-09', '2018-06-08', NULL, 1);
INSERT INTO `employee` VALUES (1757, '鹿存亮3', '男', '1990-01-03', '610122199001031456', '已婚', 1, '陕西', 3, 'zhao@qq.com', '15612347795', '陕西省西安市莲湖区', 92, 12, 34, '劳动合同', '高中', '电子工程', '哈尔滨理工大学', '2018-01-01', '在职', '00000024', 3.5, '2018-04-01', NULL, '2018-01-01', '2021-07-14', NULL, 1);
INSERT INTO `employee` VALUES (1758, '姚森3', '男', '1991-02-05', '610122199102058952', '已婚', 1, '河南', 3, 'yaosen@qq.com', '14785559936', '河南洛阳人民大道58号', 92, 15, 34, '劳动合同', '初中', '室内装修设计', '西北大学', '2017-01-02', '在职', '00000025', 7, '2017-04-02', NULL, '2017-01-02', '2024-01-17', NULL, 1);
INSERT INTO `employee` VALUES (1759, '云星3', '女', '1993-01-05', '610122199301054789', '已婚', 1, '陕西西安', 1, 'yunxing@qq.com', '15644442252', '陕西西安新城区', 92, 16, 34, '劳务合同', '硕士', '通信工程', '西安电子科技学校', '2018-01-01', '在职', '00000026', 5.25, '2018-04-01', NULL, '2018-01-01', '2023-04-13', NULL, 1);
INSERT INTO `employee` VALUES (1760, '贾旭明3', '男', '1993-11-11', '610122199311111234', '已婚', 1, '广东广州', 4, 'jiaxuming@qq.com', '15644441234', '广东省广州市天河区冼村路', 78, 15, 33, '劳务合同', '初中', '通信工程', '西北大学', '2018-01-01', '在职', '00000027', 5.25, '2018-04-01', NULL, '2018-01-01', '2023-04-13', NULL, 1);
INSERT INTO `employee` VALUES (1761, '张黎明3', '男', '1991-02-01', '610144199102014569', '已婚', 1, '广东', 6, 'zhangliming@qq.com', '18979994478', '广东珠海', 91, 15, 33, '劳动合同', '高中', '考古', '清华大学', '2018-01-01', '在职', '00000028', 7, '2018-04-01', NULL, '2018-01-01', '2025-01-30', NULL, 1);
INSERT INTO `employee` VALUES (1762, '薛磊3', '男', '1992-07-01', '610144199207017895', '已婚', 1, '陕西西安', 13, 'xuelei@qq.com', '15648887741', '西安市雁塔区', 92, 14, 34, '劳动合同', '初中', '无', '华胥中学', '2018-01-01', '在职', '00000029', 6, '2018-04-01', NULL, '2018-01-01', '2024-01-17', NULL, 1);
INSERT INTO `employee` VALUES (1763, '江南一点雨4', '男', '1990-01-01', '610122199001011256', '已婚', 1, '陕西', 13, 'laowang@qq.com', '18565558897', '深圳市南山区', 8, 9, 29, '劳动合同', '本科', '信息管理与信息系统', '深圳大学', '2018-01-01', '在职', '00000031', 1, '2018-04-01', NULL, '2018-01-01', '2019-01-01', NULL, 1);
INSERT INTO `employee` VALUES (1764, '陈静4', '女', '1989-02-01', '421288198902011234', '已婚', 1, '海南', 1, 'chenjing@qq.com', '18795556693', '海南省海口市美兰区', 82, 12, 30, '劳动合同', '高中', '市场营销', '武汉大学', '2015-06-09', '在职', '00000032', 3, '2015-09-10', NULL, '2015-06-09', '2018-06-08', NULL, 1);
INSERT INTO `employee` VALUES (1765, '赵琳浩4', '男', '1993-03-04', '610122199303041456', '未婚', 1, '陕西', 3, 'zhao@qq.com', '15698887795', '陕西省西安市莲湖区', 91, 12, 33, '劳动合同', '博士', '电子工程', '哈尔滨理工大学', '2018-01-01', '在职', '00000033', 3.5, '2018-04-01', NULL, '2018-01-01', '2021-07-14', NULL, 1);
INSERT INTO `employee` VALUES (1766, '鹿存亮4', '男', '1990-01-03', '610122199001031456', '已婚', 1, '陕西', 3, 'zhao@qq.com', '15612347795', '陕西省西安市莲湖区', 92, 12, 34, '劳动合同', '高中', '电子工程', '哈尔滨理工大学', '2018-01-01', '在职', '00000034', 3.5, '2018-04-01', NULL, '2018-01-01', '2021-07-14', NULL, 1);
INSERT INTO `employee` VALUES (1767, '姚森4', '男', '1991-02-05', '610122199102058952', '已婚', 1, '河南', 3, 'yaosen@qq.com', '14785559936', '河南洛阳人民大道58号', 92, 15, 34, '劳动合同', '初中', '室内装修设计', '西北大学', '2017-01-02', '在职', '00000035', 7, '2017-04-02', NULL, '2017-01-02', '2024-01-17', NULL, 1);
INSERT INTO `employee` VALUES (1768, '云星4', '女', '1993-01-05', '610122199301054789', '已婚', 1, '陕西西安', 1, 'yunxing@qq.com', '15644442252', '陕西西安新城区', 92, 16, 34, '劳务合同', '硕士', '通信工程', '西安电子科技学校', '2018-01-01', '在职', '00000036', 5.25, '2018-04-01', NULL, '2018-01-01', '2023-04-13', NULL, 1);
INSERT INTO `employee` VALUES (1769, '贾旭明4', '男', '1993-11-11', '610122199311111234', '已婚', 1, '广东广州', 4, 'jiaxuming@qq.com', '15644441234', '广东省广州市天河区冼村路', 78, 15, 33, '劳务合同', '初中', '通信工程', '西北大学', '2018-01-01', '在职', '00000037', 5.25, '2018-04-01', NULL, '2018-01-01', '2023-04-13', NULL, 1);
INSERT INTO `employee` VALUES (1770, '张黎明2', '男', '1991-02-01', '610144199102014569', '已婚', 1, '广东', 6, 'zhangliming@qq.com', '18979994478', '广东珠海', 91, 15, 33, '劳动合同', '高中', '考古', '清华大学', '2018-01-01', '在职', '00000038', 7, '2018-04-01', NULL, '2018-01-01', '2025-01-30', NULL, 1);
INSERT INTO `employee` VALUES (1771, '薛磊4', '男', '1992-07-01', '610144199207017895', '已婚', 1, '陕西西安', 13, 'xuelei@qq.com', '15648887741', '西安市雁塔区', 92, 14, 34, '劳动合同', '初中', '无', '华胥中学', '2018-01-01', '在职', '00000039', 6, '2018-04-01', NULL, '2018-01-01', '2024-01-17', NULL, 1);
INSERT INTO `employee` VALUES (1772, '张洁4', '女', '1990-10-09', '420177199010093652', '未婚', 1, '海南', 5, 'zhangjie@qq.com', '13695557742', '海口市美兰区', 92, 16, 34, '劳动合同', '高中', '无', '海南侨中', '2018-01-01', '在职', '00000040', 1, '2018-01-31', NULL, '2018-01-01', '2019-01-01', NULL, 1);
INSERT INTO `employee` VALUES (1773, '江南一点雨5', '男', '1990-01-01', '610122199001011256', '已婚', 1, '陕西', 13, 'laowang@qq.com', '18565558897', '深圳市南山区', 8, 9, 29, '劳动合同', '本科', '信息管理与信息系统', '深圳大学', '2018-01-01', '在职', '00000041', 1, '2018-04-01', NULL, '2018-01-01', '2019-01-01', NULL, 1);
INSERT INTO `employee` VALUES (1774, '陈静5', '女', '1989-02-01', '421288198902011234', '已婚', 1, '海南', 1, 'chenjing@qq.com', '18795556693', '海南省海口市美兰区', 82, 12, 30, '劳动合同', '高中', '市场营销', '武汉大学', '2015-06-09', '在职', '00000042', 3, '2015-09-10', NULL, '2015-06-09', '2018-06-08', NULL, 1);
INSERT INTO `employee` VALUES (1775, '赵琳浩5', '男', '1993-03-04', '610122199303041456', '未婚', 1, '陕西', 3, 'zhao@qq.com', '15698887795', '陕西省西安市莲湖区', 91, 12, 33, '劳动合同', '博士', '电子工程', '哈尔滨理工大学', '2018-01-01', '在职', '00000043', 3.5, '2018-04-01', NULL, '2018-01-01', '2021-07-14', NULL, 1);
INSERT INTO `employee` VALUES (1776, '鹿存亮5', '男', '1990-01-03', '610122199001031456', '已婚', 1, '陕西', 3, 'zhao@qq.com', '15612347795', '陕西省西安市莲湖区', 92, 12, 34, '劳动合同', '高中', '电子工程', '哈尔滨理工大学', '2018-01-01', '在职', '00000044', 3.5, '2018-04-01', NULL, '2018-01-01', '2021-07-14', NULL, 1);
INSERT INTO `employee` VALUES (1777, '姚森5', '男', '1991-02-05', '610122199102058952', '已婚', 1, '河南', 3, 'yaosen@qq.com', '14785559936', '河南洛阳人民大道58号', 92, 15, 34, '劳动合同', '初中', '室内装修设计', '西北大学', '2017-01-02', '在职', '00000045', 7, '2017-04-02', NULL, '2017-01-02', '2024-01-17', NULL, 1);
INSERT INTO `employee` VALUES (1778, '云星5', '女', '1993-01-05', '610122199301054789', '已婚', 1, '陕西西安', 1, 'yunxing@qq.com', '15644442252', '陕西西安新城区', 92, 16, 34, '劳务合同', '硕士', '通信工程', '西安电子科技学校', '2018-01-01', '在职', '00000046', 5.25, '2018-04-01', NULL, '2018-01-01', '2023-04-13', NULL, 1);
INSERT INTO `employee` VALUES (1779, '贾旭明5', '男', '1993-11-11', '610122199311111234', '已婚', 1, '广东广州', 4, 'jiaxuming@qq.com', '15644441234', '广东省广州市天河区冼村路', 78, 15, 33, '劳务合同', '初中', '通信工程', '西北大学', '2018-01-01', '在职', '00000047', 5.25, '2018-04-01', NULL, '2018-01-01', '2023-04-13', NULL, 1);
INSERT INTO `employee` VALUES (1780, '张黎明5', '男', '1991-02-01', '610144199102014569', '已婚', 1, '广东', 6, 'zhangliming@qq.com', '18979994478', '广东珠海', 91, 15, 33, '劳动合同', '高中', '考古', '清华大学', '2018-01-01', '在职', '00000048', 7, '2018-04-01', NULL, '2018-01-01', '2025-01-30', NULL, 1);
INSERT INTO `employee` VALUES (1781, '薛磊5', '男', '1992-07-01', '610144199207017895', '已婚', 1, '陕西西安', 13, 'xuelei@qq.com', '15648887741', '西安市雁塔区', 92, 14, 34, '劳动合同', '初中', '无', '华胥中学', '2018-01-01', '在职', '00000049', 6, '2018-04-01', NULL, '2018-01-01', '2024-01-17', NULL, 1);
INSERT INTO `employee` VALUES (1782, '张洁5', '女', '1990-10-09', '420177199010093652', '未婚', 1, '海南', 5, 'zhangjie@qq.com', '13695557742', '海口市美兰区', 92, 16, 34, '劳动合同', '高中', '无', '海南侨中', '2018-01-01', '在职', '00000050', 1, '2018-01-31', NULL, '2018-01-01', '2019-01-01', NULL, 1);
INSERT INTO `employee` VALUES (1783, '江南一点雨6', '男', '1990-01-01', '610122199001011256', '已婚', 1, '陕西', 13, 'laowang@qq.com', '18565558897', '深圳市南山区', 8, 9, 29, '劳动合同', '本科', '信息管理与信息系统', '深圳大学', '2018-01-01', '在职', '00000051', 1, '2018-04-01', NULL, '2018-01-01', '2019-01-01', NULL, 1);
INSERT INTO `employee` VALUES (1784, '陈静6', '女', '1989-02-01', '421288198902011234', '已婚', 1, '海南', 1, 'chenjing@qq.com', '18795556693', '海南省海口市美兰区', 82, 12, 30, '劳动合同', '高中', '市场营销', '武汉大学', '2015-06-09', '在职', '00000052', 3, '2015-09-10', NULL, '2015-06-09', '2018-06-08', NULL, 1);
INSERT INTO `employee` VALUES (1785, '赵琳浩6', '男', '1993-03-04', '610122199303041456', '未婚', 1, '陕西', 3, 'zhao@qq.com', '15698887795', '陕西省西安市莲湖区', 91, 12, 33, '劳动合同', '博士', '电子工程', '哈尔滨理工大学', '2018-01-01', '在职', '00000053', 3.5, '2018-04-01', NULL, '2018-01-01', '2021-07-14', NULL, 1);
INSERT INTO `employee` VALUES (1786, '鹿存亮6', '男', '1990-01-03', '610122199001031456', '已婚', 1, '陕西', 3, 'zhao@qq.com', '15612347795', '陕西省西安市莲湖区', 92, 12, 34, '劳动合同', '高中', '电子工程', '哈尔滨理工大学', '2018-01-01', '在职', '00000054', 3.5, '2018-04-01', NULL, '2018-01-01', '2021-07-14', NULL, 1);
INSERT INTO `employee` VALUES (1787, '姚森6', '男', '1991-02-05', '610122199102058952', '已婚', 1, '河南', 3, 'yaosen@qq.com', '14785559936', '河南洛阳人民大道58号', 92, 15, 34, '劳动合同', '初中', '室内装修设计', '西北大学', '2017-01-02', '在职', '00000055', 7, '2017-04-02', NULL, '2017-01-02', '2024-01-17', NULL, 1);
INSERT INTO `employee` VALUES (1788, '云星6', '女', '1993-01-05', '610122199301054789', '已婚', 1, '陕西西安', 1, 'yunxing@qq.com', '15644442252', '陕西西安新城区', 92, 16, 34, '劳务合同', '硕士', '通信工程', '西安电子科技学校', '2018-01-01', '在职', '00000056', 5.25, '2018-04-01', NULL, '2018-01-01', '2023-04-13', NULL, 1);
INSERT INTO `employee` VALUES (1789, '江南一点雨', '男', '1990-01-01', '610122199001011256', '已婚', 1, '陕西', 13, 'laowang@qq.com', '18565558897', '深圳市南山区', 8, 9, 29, '劳动合同', '本科', '信息管理与信息系统', '深圳大学', '2018-01-01', '在职', '00000001', 1, NULL, NULL, '2018-01-01', '2019-01-01', NULL, 1);
INSERT INTO `employee` VALUES (1790, '陈静', '女', '1989-02-01', '421288198902011234', '已婚', 1, '海南', 1, 'chenjing@qq.com', '18795556693', '海南省海口市美兰区', 82, 12, 30, '劳动合同', '高中', '市场营销', '武汉大学', '2015-06-09', '在职', '00000002', 3, NULL, NULL, '2015-06-09', '2018-06-08', NULL, 1);
INSERT INTO `employee` VALUES (1791, '赵琳浩', '男', '1993-03-04', '610122199303041456', '未婚', 1, '陕西', 3, 'zhao@qq.com', '15698887795', '陕西省西安市莲湖区', 91, 12, 33, '劳动合同', '博士', '电子工程', '哈尔滨理工大学', '2018-01-01', '在职', '00000003', 3.5, NULL, NULL, '2018-01-01', '2021-07-14', NULL, 1);
INSERT INTO `employee` VALUES (1792, '鹿存亮', '男', '1990-01-03', '610122199001031456', '已婚', 1, '陕西', 3, 'zhao@qq.com', '15612347795', '陕西省西安市莲湖区', 92, 12, 34, '劳动合同', '高中', '电子工程', '哈尔滨理工大学', '2018-01-01', '在职', '00000004', 3.5, NULL, NULL, '2018-01-01', '2021-07-14', NULL, 1);
INSERT INTO `employee` VALUES (1793, '姚森', '男', '1991-02-05', '610122199102058952', '已婚', 1, '河南', 3, 'yaosen@qq.com', '14785559936', '河南洛阳人民大道58号', 92, 15, 34, '劳动合同', '初中', '室内装修设计', '西北大学', '2017-01-02', '在职', '00000005', 7, NULL, NULL, '2017-01-02', '2024-01-17', NULL, 1);
INSERT INTO `employee` VALUES (1794, '贾旭明', '男', '1993-11-11', '610122199311111234', '已婚', 1, '广东广州', 4, 'jiaxuming@qq.com', '15644441234', '广东省广州市天河区冼村路', 78, 15, 33, '劳务合同', '初中', '通信工程', '西北大学', '2018-01-01', '在职', '00000007', 5.25, NULL, NULL, '2018-01-01', '2023-04-13', NULL, 1);
INSERT INTO `employee` VALUES (1795, '张黎明', '男', '1991-02-01', '610144199102014569', '已婚', 1, '广东', 6, 'zhangliming@qq.com', '18979994478', '广东珠海', 91, 15, 33, '劳动合同', '高中', '考古', '清华大学', '2018-01-01', '在职', '00000008', 7, NULL, NULL, '2018-01-01', '2025-01-30', NULL, 1);
INSERT INTO `employee` VALUES (1796, '薛磊', '男', '1992-07-01', '610144199207017895', '已婚', 1, '陕西西安', 13, 'xuelei@qq.com', '15648887741', '西安市雁塔区', 92, 14, 34, '劳动合同', '初中', '无', '华胥中学', '2018-01-01', '在职', '00000009', 6, NULL, NULL, '2018-01-01', '2024-01-17', NULL, 1);
INSERT INTO `employee` VALUES (1797, '张洁', '女', '1990-10-09', '420177199010093652', '未婚', 1, '海南', 5, 'zhangjie@qq.com', '13695557742', '海口市美兰区', 92, 16, 34, '劳动合同', '高中', '无', '海南侨中', '2018-01-01', '在职', '00000010', 1, NULL, NULL, '2018-01-01', '2019-01-01', NULL, 1);
INSERT INTO `employee` VALUES (1798, '江南一点雨2', '男', '1990-01-01', '610122199001011256', '已婚', 1, '陕西', 13, 'laowang@qq.com', '18565558897', '深圳市南山区', 8, 9, 29, '劳动合同', '本科', '信息管理与信息系统', '深圳大学', '2018-01-01', '在职', '00000011', 1, NULL, NULL, '2018-01-01', '2019-01-01', NULL, 1);
INSERT INTO `employee` VALUES (1799, '陈静2', '女', '1989-02-01', '421288198902011234', '已婚', 1, '海南', 1, 'chenjing@qq.com', '18795556693', '海南省海口市美兰区', 82, 12, 30, '劳动合同', '高中', '市场营销', '武汉大学', '2015-06-09', '在职', '00000012', 3, NULL, NULL, '2015-06-09', '2018-06-08', NULL, 1);
INSERT INTO `employee` VALUES (1800, '赵琳浩2', '男', '1993-03-04', '610122199303041456', '未婚', 1, '陕西', 3, 'zhao@qq.com', '15698887795', '陕西省西安市莲湖区', 91, 12, 33, '劳动合同', '博士', '电子工程', '哈尔滨理工大学', '2018-01-01', '在职', '00000013', 3.5, NULL, NULL, '2018-01-01', '2021-07-14', NULL, 1);
INSERT INTO `employee` VALUES (1801, '鹿存亮2', '男', '1990-01-03', '610122199001031456', '已婚', 1, '陕西', 3, 'zhao@qq.com', '15612347795', '陕西省西安市莲湖区', 92, 12, 34, '劳动合同', '高中', '电子工程', '哈尔滨理工大学', '2018-01-01', '在职', '00000014', 3.5, NULL, NULL, '2018-01-01', '2021-07-14', NULL, 1);
INSERT INTO `employee` VALUES (1802, '姚森2', '男', '1991-02-05', '610122199102058952', '已婚', 1, '河南', 3, 'yaosen@qq.com', '14785559936', '河南洛阳人民大道58号', 92, 15, 34, '劳动合同', '初中', '室内装修设计', '西北大学', '2017-01-02', '在职', '00000015', 7, NULL, NULL, '2017-01-02', '2024-01-17', NULL, 1);
INSERT INTO `employee` VALUES (1803, '云星2', '女', '1993-01-05', '610122199301054789', '已婚', 1, '陕西西安', 1, 'yunxing@qq.com', '15644442252', '陕西西安新城区', 92, 16, 34, '劳务合同', '硕士', '通信工程', '西安电子科技学校', '2018-01-01', '在职', '00000016', 5.25, NULL, NULL, '2018-01-01', '2023-04-13', NULL, 1);
INSERT INTO `employee` VALUES (1804, '贾旭明2', '男', '1993-11-11', '610122199311111234', '已婚', 1, '广东广州', 4, 'jiaxuming@qq.com', '15644441234', '广东省广州市天河区冼村路', 78, 15, 33, '劳务合同', '初中', '通信工程', '西北大学', '2018-01-01', '在职', '00000017', 5.25, NULL, NULL, '2018-01-01', '2023-04-13', NULL, 1);
INSERT INTO `employee` VALUES (1805, '王一亭', '男', '1991-02-01', '610144199102014569', '已婚', 1, '广东', 6, 'zhangliming@qq.com', '18979994478', '广东珠海', 91, 15, 33, '劳动合同', '高中', '考古', '清华大学', '2018-01-01', '在职', '00000018', 7, NULL, NULL, '2018-01-01', '2025-01-30', NULL, 1);
INSERT INTO `employee` VALUES (1806, '薛磊2', '男', '1992-07-01', '610144199207017895', '已婚', 1, '陕西西安', 13, 'xuelei@qq.com', '15648887741', '西安市雁塔区', 92, 14, 34, '劳动合同', '初中', '无', '华胥中学', '2018-01-01', '在职', '00000019', 1, NULL, NULL, '2018-01-01', '2019-01-01', NULL, 1);
INSERT INTO `employee` VALUES (1807, '张洁2', '女', '1990-10-09', '420177199010093652', '未婚', 1, '海南', 5, 'zhangjie@qq.com', '13695557742', '海口市美兰区', 92, 16, 34, '劳动合同', '高中', '无', '海南侨中', '2018-01-01', '在职', '00000020', 1, NULL, NULL, '2018-01-01', '2019-01-01', NULL, 1);
INSERT INTO `employee` VALUES (1808, '江南一点雨3', '男', '1990-01-01', '610122199001011256', '已婚', 1, '陕西', 13, 'laowang@qq.com', '18565558897', '深圳市南山区', 8, 9, 29, '劳动合同', '本科', '信息管理与信息系统', '深圳大学', '2018-01-01', '在职', '00000021', 1, NULL, NULL, '2018-01-01', '2019-01-01', NULL, 1);
INSERT INTO `employee` VALUES (1809, '陈静3', '女', '1989-02-01', '421288198902011234', '已婚', 1, '海南', 1, 'chenjing@qq.com', '18795556693', '海南省海口市美兰区', 82, 12, 30, '劳动合同', '高中', '市场营销', '武汉大学', '2015-06-09', '在职', '00000022', 3, NULL, NULL, '2015-06-09', '2018-06-08', NULL, 1);
INSERT INTO `employee` VALUES (1810, '鹿存亮3', '男', '1990-01-03', '610122199001031456', '已婚', 1, '陕西', 3, 'zhao@qq.com', '15612347795', '陕西省西安市莲湖区', 92, 12, 34, '劳动合同', '高中', '电子工程', '哈尔滨理工大学', '2018-01-01', '在职', '00000024', 3.5, NULL, NULL, '2018-01-01', '2021-07-14', NULL, 1);
INSERT INTO `employee` VALUES (1811, '姚森3', '男', '1991-02-05', '610122199102058952', '已婚', 1, '河南', 3, 'yaosen@qq.com', '14785559936', '河南洛阳人民大道58号', 92, 15, 34, '劳动合同', '初中', '室内装修设计', '西北大学', '2017-01-02', '在职', '00000025', 7, NULL, NULL, '2017-01-02', '2024-01-17', NULL, 1);
INSERT INTO `employee` VALUES (1812, '云星3', '女', '1993-01-05', '610122199301054789', '已婚', 1, '陕西西安', 1, 'yunxing@qq.com', '15644442252', '陕西西安新城区', 92, 16, 34, '劳务合同', '硕士', '通信工程', '西安电子科技学校', '2018-01-01', '在职', '00000026', 5.25, NULL, NULL, '2018-01-01', '2023-04-13', NULL, 1);
INSERT INTO `employee` VALUES (1813, '贾旭明3', '男', '1993-11-11', '610122199311111234', '已婚', 1, '广东广州', 4, 'jiaxuming@qq.com', '15644441234', '广东省广州市天河区冼村路', 78, 15, 33, '劳务合同', '初中', '通信工程', '西北大学', '2018-01-01', '在职', '00000027', 5.25, NULL, NULL, '2018-01-01', '2023-04-13', NULL, 1);
INSERT INTO `employee` VALUES (1814, '张黎明3', '男', '1991-02-01', '610144199102014569', '已婚', 1, '广东', 6, 'zhangliming@qq.com', '18979994478', '广东珠海', 91, 15, 33, '劳动合同', '高中', '考古', '清华大学', '2018-01-01', '在职', '00000028', 7, NULL, NULL, '2018-01-01', '2025-01-30', NULL, 1);
INSERT INTO `employee` VALUES (1815, '薛磊3', '男', '1992-07-01', '610144199207017895', '已婚', 1, '陕西西安', 13, 'xuelei@qq.com', '15648887741', '西安市雁塔区', 92, 14, 34, '劳动合同', '初中', '无', '华胥中学', '2018-01-01', '在职', '00000029', 6, NULL, NULL, '2018-01-01', '2024-01-17', NULL, 1);
INSERT INTO `employee` VALUES (1816, '江南一点雨4', '男', '1990-01-01', '610122199001011256', '已婚', 1, '陕西', 13, 'laowang@qq.com', '18565558897', '深圳市南山区', 8, 9, 29, '劳动合同', '本科', '信息管理与信息系统', '深圳大学', '2018-01-01', '在职', '00000031', 1, NULL, NULL, '2018-01-01', '2019-01-01', NULL, 1);
INSERT INTO `employee` VALUES (1817, '陈静4', '女', '1989-02-01', '421288198902011234', '已婚', 1, '海南', 1, 'chenjing@qq.com', '18795556693', '海南省海口市美兰区', 82, 12, 30, '劳动合同', '高中', '市场营销', '武汉大学', '2015-06-09', '在职', '00000032', 3, NULL, NULL, '2015-06-09', '2018-06-08', NULL, 1);
INSERT INTO `employee` VALUES (1818, '赵琳浩4', '男', '1993-03-04', '610122199303041456', '未婚', 1, '陕西', 3, 'zhao@qq.com', '15698887795', '陕西省西安市莲湖区', 91, 12, 33, '劳动合同', '博士', '电子工程', '哈尔滨理工大学', '2018-01-01', '在职', '00000033', 3.5, NULL, NULL, '2018-01-01', '2021-07-14', NULL, 1);
INSERT INTO `employee` VALUES (1819, '鹿存亮4', '男', '1990-01-03', '610122199001031456', '已婚', 1, '陕西', 3, 'zhao@qq.com', '15612347795', '陕西省西安市莲湖区', 92, 12, 34, '劳动合同', '高中', '电子工程', '哈尔滨理工大学', '2018-01-01', '在职', '00000034', 3.5, NULL, NULL, '2018-01-01', '2021-07-14', NULL, 1);
INSERT INTO `employee` VALUES (1820, '姚森4', '男', '1991-02-05', '610122199102058952', '已婚', 1, '河南', 3, 'yaosen@qq.com', '14785559936', '河南洛阳人民大道58号', 92, 15, 34, '劳动合同', '初中', '室内装修设计', '西北大学', '2017-01-02', '在职', '00000035', 7, NULL, NULL, '2017-01-02', '2024-01-17', NULL, 1);
INSERT INTO `employee` VALUES (1821, '云星4', '女', '1993-01-05', '610122199301054789', '已婚', 1, '陕西西安', 1, 'yunxing@qq.com', '15644442252', '陕西西安新城区', 92, 16, 34, '劳务合同', '硕士', '通信工程', '西安电子科技学校', '2018-01-01', '在职', '00000036', 5.25, NULL, NULL, '2018-01-01', '2023-04-13', NULL, 1);
INSERT INTO `employee` VALUES (1822, '贾旭明4', '男', '1993-11-11', '610122199311111234', '已婚', 1, '广东广州', 4, 'jiaxuming@qq.com', '15644441234', '广东省广州市天河区冼村路', 78, 15, 33, '劳务合同', '初中', '通信工程', '西北大学', '2018-01-01', '在职', '00000037', 5.25, NULL, NULL, '2018-01-01', '2023-04-13', NULL, 1);
INSERT INTO `employee` VALUES (1823, '谢工', '女', '1970-01-01', '618177197001011234', '离异', 1, '江苏', 1, '584991843@qq.com', '18558887788', '北京', 91, 12, 29, '劳动合同', '本科', '计算机软件', '南华大学', '2018-01-01', '在职', '00000038', 5, '2019-01-01', NULL, '2018-01-01', '2023-01-01', NULL, 1);
INSERT INTO `employee` VALUES (1824, '林昭亮', '男', '1990-01-01', '610122199809091234', '已婚', 1, '广东', 13, '584991843@qq.com', '16767776654', '广东深圳', 91, 15, 33, '劳动合同', '大专', '计算机软件', '广东职业技术学院', '2018-01-01', '在职', '00000039', 5, '2018-04-01', NULL, '2018-01-01', '2023-01-01', NULL, 1);
INSERT INTO `employee` VALUES (1825, '11', '男', '2018-01-01', '610122201801011234', '已婚', 1, '1', 1, '584991843@qq.com', '111', '1', 89, 9, 29, '劳动合同', '本科', '1', '1', '2018-01-01', '在职', '00000040', 4, '2018-04-01', NULL, '2018-01-01', '2022-01-26', NULL, 1);
INSERT INTO `employee` VALUES (1826, '1', '男', '2018-01-01', '610188199809091234', '已婚', 1, '1', 1, '584991843@qq.com', '1', '1', 89, 9, 29, '劳动合同', '大专', '1', '1', '2018-01-31', '在职', '00000041', 1, '2018-01-31', NULL, '2018-01-31', '2019-01-31', NULL, 1);
INSERT INTO `employee` VALUES (1827, '1', '男', '2018-01-01', '610122199909090000', '已婚', 1, '1', 1, '584991843@qq.com', '1', '1', 78, 9, 29, '劳动合同', '大专', '1', '1', '2018-01-31', '在职', '00000042', 1, '2018-01-31', NULL, '2018-01-31', '2019-01-31', NULL, 1);
INSERT INTO `employee` VALUES (1828, '1', '男', '2018-01-01', '610122199909090000', '已婚', 1, '1', 1, '584991843@qq.com', '1', '1', 81, 9, 29, '劳动合同', '大专', '1', '1', '2018-01-31', '在职', '00000043', 0, '2018-01-31', NULL, '2018-01-31', '2018-01-31', NULL, 1);
INSERT INTO `employee` VALUES (1829, '1', '男', '2018-01-01', '610122199909099999', '已婚', 1, '1', 1, '584991843@qq.com', '1', '1', 87, 9, 29, '劳动合同', '大专', '1', '1', '2018-01-01', '在职', '00000044', 0, '2018-01-01', NULL, '2018-01-01', '2018-01-31', NULL, 1);
INSERT INTO `employee` VALUES (1830, '1', '男', '2018-01-01', '610122199909099999', '已婚', 1, '1', 1, '584991843@qq.com', '1', '1', 78, 9, 29, '劳动合同', '大专', '1', '1', '2018-01-01', '在职', '00000045', 0, '2018-01-01', NULL, '2018-01-01', '2018-01-31', NULL, 1);
INSERT INTO `employee` VALUES (1831, '林伯渠', '男', '2018-01-01', '610122199909099999', '未婚', 1, '1', 1, '584991843@qq.com', '1', '1', 8, 9, 29, '劳动合同', '大专', '1', '1', '2018-01-31', '在职', '00000046', 0, '2018-01-31', NULL, '2018-01-31', '2018-01-31', NULL, 1);
INSERT INTO `employee` VALUES (1832, '1', '男', '2018-01-01', '610122199909091234', '已婚', 1, '1', 1, '584991843@qq.com', '1', '1', 8, 9, 29, '劳动合同', '大专', '1', '1', '2018-01-31', '在职', '00000047', 0, '2018-01-31', NULL, '2018-01-31', '2018-01-31', NULL, 1);
INSERT INTO `employee` VALUES (1833, '江南一点雨', '男', '1990-01-01', '610122199001011256', '已婚', 1, '陕西', 13, 'laowang@qq.com', '18565558897', '深圳市南山区', 5, 9, 29, '劳务合同', '本科', '信息管理与信息系统', '深圳大学', '2018-01-01', '在职', '00000001', 2, NULL, NULL, '2018-01-01', '2020-01-01', NULL, 1);
INSERT INTO `employee` VALUES (1834, '陈静', '女', '1989-02-01', '421288198902011234', '已婚', 1, '海南', 1, 'chenjing@qq.com', '18795556693', '海南省海口市美兰区', 8, 12, 30, '劳动合同', '高中', '市场营销', '武汉大学', '2015-06-09', '在职', '00000002', 3, NULL, NULL, '2015-06-09', '2018-06-08', NULL, 1);
INSERT INTO `employee` VALUES (1835, '赵琳浩', '男', '1993-03-04', '610122199303041456', '未婚', 1, '陕西', 3, 'zhao@qq.com', '15698887795', '陕西省西安市莲湖区', 91, 12, 33, '劳动合同', '博士', '电子工程', '哈尔滨理工大学', '2018-01-01', '在职', '00000003', 3.5, NULL, NULL, '2018-01-01', '2021-07-14', NULL, 1);
INSERT INTO `employee` VALUES (1836, '鹿存亮', '男', '1990-01-03', '610122199001031456', '已婚', 1, '陕西', 3, 'zhao@qq.com', '15612347795', '陕西省西安市莲湖区', 92, 12, 34, '劳动合同', '高中', '电子工程', '哈尔滨理工大学', '2018-01-01', '在职', '00000004', 3.5, NULL, NULL, '2018-01-01', '2021-07-14', NULL, 1);
INSERT INTO `employee` VALUES (1837, '姚森', '男', '1991-02-05', '610122199102058952', '已婚', 1, '河南', 3, 'yaosen@qq.com', '14785559936', '河南洛阳人民大道58号', 92, 15, 34, '劳动合同', '硕士', '室内装修设计', '西北大学', '2017-01-02', '在职', '00000005', 7, NULL, NULL, '2017-01-02', '2024-01-17', NULL, 1);
INSERT INTO `employee` VALUES (1838, '云星', '女', '1993-01-05', '610122199301054789', '已婚', 1, '陕西西安', 1, 'yunxing@qq.com', '15644442252', '陕西西安新城区', 92, 16, 34, '劳务合同', '硕士', '通信工程', '西安电子科技学校', '2018-01-01', '在职', '00000006', 5.25, NULL, NULL, '2018-01-01', '2023-04-13', NULL, 1);
INSERT INTO `employee` VALUES (1839, '贾旭明', '男', '1993-11-11', '610122199311111234', '已婚', 1, '广东广州', 4, 'jiaxuming@qq.com', '15644441234', '广东省广州市天河区冼村路', 78, 15, 33, '劳务合同', '初中', '通信工程', '西北大学', '2018-01-01', '在职', '00000007', 5.25, NULL, NULL, '2018-01-01', '2023-04-13', NULL, 1);
INSERT INTO `employee` VALUES (1840, '张黎明', '男', '1991-02-01', '610144199102014569', '已婚', 1, '广东', 6, 'zhangliming@qq.com', '18979994478', '广东珠海', 91, 15, 33, '劳动合同', '高中', '考古', '清华大学', '2018-01-01', '在职', '00000008', 7, NULL, NULL, '2018-01-01', '2025-01-30', NULL, 1);
INSERT INTO `employee` VALUES (1841, '薛磊', '男', '1992-07-01', '610144199207017895', '已婚', 1, '陕西西安', 13, 'xuelei@qq.com', '15648887741', '西安市雁塔区', 92, 14, 34, '劳动合同', '初中', '无', '华胥中学', '2018-01-01', '在职', '00000009', 6, NULL, NULL, '2018-01-01', '2024-01-17', NULL, 1);
INSERT INTO `employee` VALUES (1842, '张洁', '女', '1990-10-09', '420177199010093652', '未婚', 1, '海南', 5, 'zhangjie@qq.com', '13695557742', '海口市美兰区', 92, 16, 34, '劳动合同', '高中', '无', '海南侨中', '2018-01-01', '在职', '00000010', 1, NULL, NULL, '2018-01-01', '2019-01-01', NULL, 1);
INSERT INTO `employee` VALUES (1843, '江南一点雨2', '男', '1990-01-01', '610122199001011256', '已婚', 1, '陕西', 13, 'laowang@qq.com', '18565558897', '深圳市南山区', 91, 9, 29, '劳动合同', '本科', '信息管理与信息系统', '深圳大学', '2018-01-01', '在职', '00000011', 1, NULL, NULL, '2018-01-01', '2019-01-01', NULL, 1);
INSERT INTO `employee` VALUES (1844, '陈静2', '女', '1989-02-01', '421288198902011234', '已婚', 1, '海南', 1, 'chenjing@qq.com', '18795556693', '海南省海口市美兰区', 82, 12, 30, '劳动合同', '高中', '市场营销', '武汉大学', '2015-06-09', '在职', '00000012', 3, NULL, NULL, '2015-06-09', '2018-06-08', NULL, 1);
INSERT INTO `employee` VALUES (1845, '赵琳浩2', '男', '1993-03-04', '610122199303041456', '未婚', 1, '陕西', 3, 'zhao@qq.com', '15698887795', '陕西省西安市莲湖区', 91, 12, 33, '劳动合同', '博士', '电子工程', '哈尔滨理工大学', '2018-01-01', '在职', '00000013', 3.5, NULL, NULL, '2018-01-01', '2021-07-14', NULL, 1);
INSERT INTO `employee` VALUES (1846, '鹿存亮2', '男', '1990-01-03', '610122199001031456', '已婚', 1, '陕西', 3, 'zhao@qq.com', '15612347795', '陕西省西安市莲湖区', 92, 12, 34, '劳动合同', '高中', '电子工程', '哈尔滨理工大学', '2018-01-01', '在职', '00000014', 3.5, NULL, NULL, '2018-01-01', '2021-07-14', NULL, 1);
INSERT INTO `employee` VALUES (1847, '姚森2', '男', '1991-02-05', '610122199102058952', '已婚', 1, '河南', 3, 'yaosen@qq.com', '14785559936', '河南洛阳人民大道58号', 92, 15, 34, '劳动合同', '初中', '室内装修设计', '西北大学', '2017-01-02', '在职', '00000015', 7, NULL, NULL, '2017-01-02', '2024-01-17', NULL, 1);
INSERT INTO `employee` VALUES (1848, '云星2', '女', '1993-01-05', '610122199301054789', '已婚', 1, '陕西西安', 1, 'yunxing@qq.com', '15644442252', '陕西西安新城区', 92, 16, 34, '劳务合同', '硕士', '通信工程', '西安电子科技学校', '2018-01-01', '在职', '00000016', 5.25, NULL, NULL, '2018-01-01', '2023-04-13', NULL, 1);
INSERT INTO `employee` VALUES (1849, '贾旭明2', '男', '1993-11-11', '610122199311111234', '已婚', 1, '广东广州', 4, 'jiaxuming@qq.com', '15644441234', '广东省广州市天河区冼村路', 78, 15, 33, '劳务合同', '初中', '通信工程', '西北大学', '2018-01-01', '在职', '00000017', 5.25, NULL, NULL, '2018-01-01', '2023-04-13', NULL, 1);
INSERT INTO `employee` VALUES (1850, '王一亭', '男', '1991-02-01', '610144199102014569', '已婚', 1, '广东', 6, 'zhangliming@qq.com', '18979994478', '广东珠海', 91, 15, 33, '劳动合同', '高中', '考古', '清华大学', '2018-01-01', '在职', '00000018', 7, NULL, NULL, '2018-01-01', '2025-01-30', NULL, 1);
INSERT INTO `employee` VALUES (1851, '薛磊2', '男', '1992-07-01', '610144199207017895', '已婚', 1, '陕西西安', 13, 'xuelei@qq.com', '15648887741', '西安市雁塔区', 92, 14, 34, '劳动合同', '初中', '无', '华胥中学', '2018-01-01', '在职', '00000019', 1, NULL, NULL, '2018-01-01', '2019-01-01', NULL, 1);
INSERT INTO `employee` VALUES (1852, '张洁2', '女', '1990-10-09', '420177199010093652', '未婚', 1, '海南', 5, 'zhangjie@qq.com', '13695557742', '海口市美兰区', 92, 16, 34, '劳动合同', '高中', '无', '海南侨中', '2018-01-01', '在职', '00000020', 1, NULL, NULL, '2018-01-01', '2019-01-01', NULL, 1);
INSERT INTO `employee` VALUES (1853, '江南一点雨3', '男', '1990-01-01', '610122199001011256', '已婚', 1, '陕西', 13, 'laowang@qq.com', '18565558897', '深圳市南山区', 8, 9, 29, '劳动合同', '本科', '信息管理与信息系统', '深圳大学', '2018-01-01', '在职', '00000021', 1, NULL, NULL, '2018-01-01', '2019-01-01', NULL, 1);
INSERT INTO `employee` VALUES (1854, '陈静3', '女', '1989-02-01', '421288198902011234', '已婚', 1, '海南', 1, 'chenjing@qq.com', '18795556693', '海南省海口市美兰区', 82, 12, 30, '劳动合同', '高中', '市场营销', '武汉大学', '2015-06-09', '在职', '00000022', 3, NULL, NULL, '2015-06-09', '2018-06-08', NULL, 1);
INSERT INTO `employee` VALUES (1855, '鹿存亮3', '男', '1990-01-03', '610122199001031456', '已婚', 1, '陕西', 3, 'zhao@qq.com', '15612347795', '陕西省西安市莲湖区', 92, 12, 34, '劳动合同', '高中', '电子工程', '哈尔滨理工大学', '2018-01-01', '在职', '00000024', 3.5, NULL, NULL, '2018-01-01', '2021-07-14', NULL, 1);
INSERT INTO `employee` VALUES (1856, '姚森3', '男', '1991-02-05', '610122199102058952', '已婚', 1, '河南', 3, 'yaosen@qq.com', '14785559936', '河南洛阳人民大道58号', 92, 15, 34, '劳动合同', '初中', '室内装修设计', '西北大学', '2017-01-02', '在职', '00000025', 7, NULL, NULL, '2017-01-02', '2024-01-17', NULL, 1);
INSERT INTO `employee` VALUES (1857, '云星3', '女', '1993-01-05', '610122199301054789', '已婚', 1, '陕西西安', 1, 'yunxing@qq.com', '15644442252', '陕西西安新城区', 92, 16, 34, '劳务合同', '硕士', '通信工程', '西安电子科技学校', '2018-01-01', '在职', '00000026', 5.25, NULL, NULL, '2018-01-01', '2023-04-13', NULL, 1);
INSERT INTO `employee` VALUES (1858, '贾旭明3', '男', '1993-11-11', '610122199311111234', '已婚', 1, '广东广州', 4, 'jiaxuming@qq.com', '15644441234', '广东省广州市天河区冼村路', 78, 15, 33, '劳务合同', '初中', '通信工程', '西北大学', '2018-01-01', '在职', '00000027', 5.25, NULL, NULL, '2018-01-01', '2023-04-13', NULL, 1);
INSERT INTO `employee` VALUES (1859, '张黎明3', '男', '1991-02-01', '610144199102014569', '已婚', 1, '广东', 6, 'zhangliming@qq.com', '18979994478', '广东珠海', 91, 15, 33, '劳动合同', '高中', '考古', '清华大学', '2018-01-01', '在职', '00000028', 7, NULL, NULL, '2018-01-01', '2025-01-30', NULL, 1);
INSERT INTO `employee` VALUES (1860, '薛磊3', '男', '1992-07-01', '610144199207017895', '已婚', 1, '陕西西安', 13, 'xuelei@qq.com', '15648887741', '西安市雁塔区', 92, 14, 34, '劳动合同', '初中', '无', '华胥中学', '2018-01-01', '在职', '00000029', 6, NULL, NULL, '2018-01-01', '2024-01-17', NULL, 1);
INSERT INTO `employee` VALUES (1861, '江南一点雨4', '男', '1990-01-01', '610122199001011256', '已婚', 1, '陕西', 13, 'laowang@qq.com', '18565558897', '深圳市南山区', 8, 9, 29, '劳动合同', '本科', '信息管理与信息系统', '深圳大学', '2018-01-01', '在职', '00000031', 1, NULL, NULL, '2018-01-01', '2019-01-01', NULL, 1);
INSERT INTO `employee` VALUES (1862, '陈静4', '女', '1989-02-01', '421288198902011234', '已婚', 1, '海南', 1, 'chenjing@qq.com', '18795556693', '海南省海口市美兰区', 82, 12, 30, '劳动合同', '高中', '市场营销', '武汉大学', '2015-06-09', '在职', '00000032', 3, NULL, NULL, '2015-06-09', '2018-06-08', NULL, 1);
INSERT INTO `employee` VALUES (1863, '赵琳浩4', '男', '1993-03-04', '610122199303041456', '未婚', 1, '陕西', 3, 'zhao@qq.com', '15698887795', '陕西省西安市莲湖区', 91, 12, 33, '劳动合同', '博士', '电子工程', '哈尔滨理工大学', '2018-01-01', '在职', '00000033', 3.5, NULL, NULL, '2018-01-01', '2021-07-14', NULL, 1);
INSERT INTO `employee` VALUES (1864, '鹿存亮4', '男', '1990-01-03', '610122199001031456', '已婚', 1, '陕西', 3, 'zhao@qq.com', '15612347795', '陕西省西安市莲湖区', 92, 12, 34, '劳动合同', '高中', '电子工程', '哈尔滨理工大学', '2018-01-01', '在职', '00000034', 3.5, NULL, NULL, '2018-01-01', '2021-07-14', NULL, 1);
INSERT INTO `employee` VALUES (1865, '姚森4', '男', '1991-02-05', '610122199102058952', '已婚', 1, '河南', 3, 'yaosen@qq.com', '14785559936', '河南洛阳人民大道58号', 92, 15, 34, '劳动合同', '初中', '室内装修设计', '西北大学', '2017-01-02', '在职', '00000035', 7, NULL, NULL, '2017-01-02', '2024-01-17', NULL, 1);
INSERT INTO `employee` VALUES (1866, '云星4', '女', '1993-01-05', '610122199301054789', '已婚', 1, '陕西西安', 1, 'yunxing@qq.com', '15644442252', '陕西西安新城区', 92, 16, 34, '劳务合同', '硕士', '通信工程', '西安电子科技学校', '2018-01-01', '在职', '00000036', 5.25, NULL, NULL, '2018-01-01', '2023-04-13', NULL, 1);
INSERT INTO `employee` VALUES (1867, '贾旭明4', '男', '1993-11-11', '610122199311111234', '已婚', 1, '广东广州', 4, 'jiaxuming@qq.com', '15644441234', '广东省广州市天河区冼村路', 78, 15, 33, '劳务合同', '初中', '通信工程', '西北大学', '2018-01-01', '在职', '00000037', 5.25, NULL, NULL, '2018-01-01', '2023-04-13', NULL, 1);
INSERT INTO `employee` VALUES (1868, '张黎明2', '男', '1991-02-01', '610144199102014569', '已婚', 1, '广东', 6, 'zhangliming@qq.com', '18979994478', '广东珠海', 91, 15, 33, '劳动合同', '高中', '考古', '清华大学', '2018-01-01', '在职', '00000038', 7, NULL, NULL, '2018-01-01', '2025-01-30', NULL, 1);
INSERT INTO `employee` VALUES (1869, '薛磊4', '男', '1992-07-01', '610144199207017895', '已婚', 1, '陕西西安', 13, 'xuelei@qq.com', '15648887741', '西安市雁塔区', 92, 14, 34, '劳动合同', '初中', '无', '华胥中学', '2018-01-01', '在职', '00000039', 6, NULL, NULL, '2018-01-01', '2024-01-17', NULL, 1);
INSERT INTO `employee` VALUES (1870, '张洁4', '女', '1990-10-09', '420177199010093652', '未婚', 1, '海南', 5, 'zhangjie@qq.com', '13695557742', '海口市美兰区', 92, 16, 34, '劳动合同', '高中', '无', '海南侨中', '2018-01-01', '在职', '00000040', 1, NULL, NULL, '2018-01-01', '2019-01-01', NULL, 1);
INSERT INTO `employee` VALUES (1871, '江南一点雨5', '男', '1990-01-01', '610122199001011256', '已婚', 1, '陕西', 13, 'laowang@qq.com', '18565558897', '深圳市南山区', 8, 9, 29, '劳动合同', '本科', '信息管理与信息系统', '深圳大学', '2018-01-01', '在职', '00000041', 1, NULL, NULL, '2018-01-01', '2019-01-01', NULL, 1);
INSERT INTO `employee` VALUES (1872, '陈静5', '女', '1989-02-01', '421288198902011234', '已婚', 1, '海南', 1, 'chenjing@qq.com', '18795556693', '海南省海口市美兰区', 82, 12, 30, '劳动合同', '高中', '市场营销', '武汉大学', '2015-06-09', '在职', '00000042', 3, NULL, NULL, '2015-06-09', '2018-06-08', NULL, 1);
INSERT INTO `employee` VALUES (1873, '赵琳浩5', '男', '1993-03-04', '610122199303041456', '未婚', 1, '陕西', 3, 'zhao@qq.com', '15698887795', '陕西省西安市莲湖区', 91, 12, 33, '劳动合同', '博士', '电子工程', '哈尔滨理工大学', '2018-01-01', '在职', '00000043', 3.5, NULL, NULL, '2018-01-01', '2021-07-14', NULL, 1);
INSERT INTO `employee` VALUES (1874, '鹿存亮5', '男', '1990-01-03', '610122199001031456', '已婚', 1, '陕西', 3, 'zhao@qq.com', '15612347795', '陕西省西安市莲湖区', 92, 12, 34, '劳动合同', '高中', '电子工程', '哈尔滨理工大学', '2018-01-01', '在职', '00000044', 3.5, NULL, NULL, '2018-01-01', '2021-07-14', NULL, 1);
INSERT INTO `employee` VALUES (1875, '姚森5', '男', '1991-02-05', '610122199102058952', '已婚', 1, '河南', 3, 'yaosen@qq.com', '14785559936', '河南洛阳人民大道58号', 92, 15, 34, '劳动合同', '初中', '室内装修设计', '西北大学', '2017-01-02', '在职', '00000045', 7, NULL, NULL, '2017-01-02', '2024-01-17', NULL, 1);
INSERT INTO `employee` VALUES (1876, '云星5', '女', '1993-01-05', '610122199301054789', '已婚', 1, '陕西西安', 1, 'yunxing@qq.com', '15644442252', '陕西西安新城区', 92, 16, 34, '劳务合同', '硕士', '通信工程', '西安电子科技学校', '2018-01-01', '在职', '00000046', 5.25, NULL, NULL, '2018-01-01', '2023-04-13', NULL, 1);
INSERT INTO `employee` VALUES (1877, '贾旭明5', '男', '1993-11-11', '610122199311111234', '已婚', 1, '广东广州', 4, 'jiaxuming@qq.com', '15644441234', '广东省广州市天河区冼村路', 78, 15, 33, '劳务合同', '初中', '通信工程', '西北大学', '2018-01-01', '在职', '00000047', 5.25, NULL, NULL, '2018-01-01', '2023-04-13', NULL, 1);
INSERT INTO `employee` VALUES (1878, '张黎明5', '男', '1991-02-01', '610144199102014569', '已婚', 1, '广东', 6, 'zhangliming@qq.com', '18979994478', '广东珠海', 91, 15, 33, '劳动合同', '高中', '考古', '清华大学', '2018-01-01', '在职', '00000048', 7, NULL, NULL, '2018-01-01', '2025-01-30', NULL, 1);
INSERT INTO `employee` VALUES (1879, '薛磊5', '男', '1992-07-01', '610144199207017895', '已婚', 1, '陕西西安', 13, 'xuelei@qq.com', '15648887741', '西安市雁塔区', 92, 14, 34, '劳动合同', '初中', '无', '华胥中学', '2018-01-01', '在职', '00000049', 6, NULL, NULL, '2018-01-01', '2024-01-17', NULL, 1);
INSERT INTO `employee` VALUES (1880, '张洁5', '女', '1990-10-09', '420177199010093652', '未婚', 1, '海南', 5, 'zhangjie@qq.com', '13695557742', '海口市美兰区', 92, 16, 34, '劳动合同', '高中', '无', '海南侨中', '2018-01-01', '在职', '00000050', 1, NULL, NULL, '2018-01-01', '2019-01-01', NULL, 1);
INSERT INTO `employee` VALUES (1881, '江南一点雨6', '男', '1990-01-01', '610122199001011256', '已婚', 1, '陕西', 13, 'laowang@qq.com', '18565558897', '深圳市南山区', 8, 9, 29, '劳动合同', '本科', '信息管理与信息系统', '深圳大学', '2018-01-01', '在职', '00000051', 1, NULL, NULL, '2018-01-01', '2019-01-01', NULL, 1);
INSERT INTO `employee` VALUES (1882, '陈静6', '女', '1989-02-01', '421288198902011234', '已婚', 1, '海南', 1, 'chenjing@qq.com', '18795556693', '海南省海口市美兰区', 82, 12, 30, '劳动合同', '高中', '市场营销', '武汉大学', '2015-06-09', '在职', '00000052', 3, NULL, NULL, '2015-06-09', '2018-06-08', NULL, 1);
INSERT INTO `employee` VALUES (1883, '赵琳浩6', '男', '1993-03-04', '610122199303041456', '未婚', 1, '陕西', 3, 'zhao@qq.com', '15698887795', '陕西省西安市莲湖区', 91, 12, 33, '劳动合同', '博士', '电子工程', '哈尔滨理工大学', '2018-01-01', '在职', '00000053', 3.5, NULL, NULL, '2018-01-01', '2021-07-14', NULL, 1);
INSERT INTO `employee` VALUES (1884, '鹿存亮6', '男', '1990-01-03', '610122199001031456', '已婚', 1, '陕西', 3, 'zhao@qq.com', '15612347795', '陕西省西安市莲湖区', 92, 12, 34, '劳动合同', '高中', '电子工程', '哈尔滨理工大学', '2018-01-01', '在职', '00000054', 3.5, NULL, NULL, '2018-01-01', '2021-07-14', NULL, 1);
INSERT INTO `employee` VALUES (1885, '姚森6', '男', '1991-02-05', '610122199102058952', '已婚', 1, '河南', 3, 'yaosen@qq.com', '14785559936', '河南洛阳人民大道58号', 92, 15, 34, '劳动合同', '初中', '室内装修设计', '西北大学', '2017-01-02', '在职', '00000055', 7, NULL, NULL, '2017-01-02', '2024-01-17', NULL, 1);
INSERT INTO `employee` VALUES (1886, '云星6', '女', '1993-01-05', '610122199301054789', '已婚', 1, '陕西西安', 1, 'yunxing@qq.com', '15644442252', '陕西西安新城区', 92, 16, 34, '劳务合同', '硕士', '通信工程', '西安电子科技学校', '2018-01-01', '在职', '00000056', 5.25, NULL, NULL, '2018-01-01', '2023-04-13', NULL, 1);
INSERT INTO `employee` VALUES (1887, '江南一点雨', '男', '1990-01-01', '610122199001011256', '已婚', 1, '陕西', 13, 'laowang@qq.com', '18565558897', '深圳市南山区', 8, 9, 29, '劳动合同', '本科', '信息管理与信息系统', '深圳大学', '2018-01-01', '在职', '00000001', 1, NULL, NULL, '2018-01-01', '2019-01-01', NULL, 1);
INSERT INTO `employee` VALUES (1888, '陈静', '女', '1989-02-01', '421288198902011234', '已婚', 1, '海南', 1, 'chenjing@qq.com', '18795556693', '海南省海口市美兰区', 82, 12, 30, '劳动合同', '高中', '市场营销', '武汉大学', '2015-06-09', '在职', '00000002', 3, NULL, NULL, '2015-06-09', '2018-06-08', NULL, 1);
INSERT INTO `employee` VALUES (1889, '赵琳浩', '男', '1993-03-04', '610122199303041456', '未婚', 1, '陕西', 3, 'zhao@qq.com', '15698887795', '陕西省西安市莲湖区', 91, 12, 33, '劳动合同', '博士', '电子工程', '哈尔滨理工大学', '2018-01-01', '在职', '00000003', 3.5, NULL, NULL, '2018-01-01', '2021-07-14', NULL, 1);
INSERT INTO `employee` VALUES (1890, '鹿存亮', '男', '1990-01-03', '610122199001031456', '已婚', 1, '陕西', 3, 'zhao@qq.com', '15612347795', '陕西省西安市莲湖区', 92, 12, 34, '劳动合同', '高中', '电子工程', '哈尔滨理工大学', '2018-01-01', '在职', '00000004', 3.5, NULL, NULL, '2018-01-01', '2021-07-14', NULL, 1);
INSERT INTO `employee` VALUES (1891, '姚森', '男', '1991-02-05', '610122199102058952', '已婚', 1, '河南', 3, 'yaosen@qq.com', '14785559936', '河南洛阳人民大道58号', 92, 15, 34, '劳动合同', '初中', '室内装修设计', '西北大学', '2017-01-02', '在职', '00000005', 7, NULL, NULL, '2017-01-02', '2024-01-17', NULL, 1);
INSERT INTO `employee` VALUES (1892, '贾旭明', '男', '1993-11-11', '610122199311111234', '已婚', 1, '广东广州', 4, 'jiaxuming@qq.com', '15644441234', '广东省广州市天河区冼村路', 78, 15, 33, '劳务合同', '初中', '通信工程', '西北大学', '2018-01-01', '在职', '00000007', 5.25, NULL, NULL, '2018-01-01', '2023-04-13', NULL, 1);
INSERT INTO `employee` VALUES (1893, '张黎明', '男', '1991-02-01', '610144199102014569', '已婚', 1, '广东', 6, 'zhangliming@qq.com', '18979994478', '广东珠海', 91, 15, 33, '劳动合同', '高中', '考古', '清华大学', '2018-01-01', '在职', '00000008', 7, NULL, NULL, '2018-01-01', '2025-01-30', NULL, 1);
INSERT INTO `employee` VALUES (1894, '薛磊', '男', '1992-07-01', '610144199207017895', '已婚', 1, '陕西西安', 13, 'xuelei@qq.com', '15648887741', '西安市雁塔区', 92, 14, 34, '劳动合同', '初中', '无', '华胥中学', '2018-01-01', '在职', '00000009', 6, NULL, NULL, '2018-01-01', '2024-01-17', NULL, 1);
INSERT INTO `employee` VALUES (1895, '张洁', '女', '1990-10-09', '420177199010093652', '未婚', 1, '海南', 5, 'zhangjie@qq.com', '13695557742', '海口市美兰区', 92, 16, 34, '劳动合同', '高中', '无', '海南侨中', '2018-01-01', '在职', '00000010', 1, NULL, NULL, '2018-01-01', '2019-01-01', NULL, 1);
INSERT INTO `employee` VALUES (1896, '江南一点雨2', '男', '1990-01-01', '610122199001011256', '已婚', 1, '陕西', 13, 'laowang@qq.com', '18565558897', '深圳市南山区', 8, 9, 29, '劳动合同', '本科', '信息管理与信息系统', '深圳大学', '2018-01-01', '在职', '00000011', 1, NULL, NULL, '2018-01-01', '2019-01-01', NULL, 1);
INSERT INTO `employee` VALUES (1897, '陈静2', '女', '1989-02-01', '421288198902011234', '已婚', 1, '海南', 1, 'chenjing@qq.com', '18795556693', '海南省海口市美兰区', 82, 12, 30, '劳动合同', '高中', '市场营销', '武汉大学', '2015-06-09', '在职', '00000012', 3, NULL, NULL, '2015-06-09', '2018-06-08', NULL, 1);
INSERT INTO `employee` VALUES (1898, '赵琳浩2', '男', '1993-03-04', '610122199303041456', '未婚', 1, '陕西', 3, 'zhao@qq.com', '15698887795', '陕西省西安市莲湖区', 91, 12, 33, '劳动合同', '博士', '电子工程', '哈尔滨理工大学', '2018-01-01', '在职', '00000013', 3.5, NULL, NULL, '2018-01-01', '2021-07-14', NULL, 1);
INSERT INTO `employee` VALUES (1899, '鹿存亮2', '男', '1990-01-03', '610122199001031456', '已婚', 1, '陕西', 3, 'zhao@qq.com', '15612347795', '陕西省西安市莲湖区', 92, 12, 34, '劳动合同', '高中', '电子工程', '哈尔滨理工大学', '2018-01-01', '在职', '00000014', 3.5, NULL, NULL, '2018-01-01', '2021-07-14', NULL, 1);
INSERT INTO `employee` VALUES (1900, '姚森2', '男', '1991-02-05', '610122199102058952', '已婚', 1, '河南', 3, 'yaosen@qq.com', '14785559936', '河南洛阳人民大道58号', 92, 15, 34, '劳动合同', '初中', '室内装修设计', '西北大学', '2017-01-02', '在职', '00000015', 7, NULL, NULL, '2017-01-02', '2024-01-17', NULL, 1);
INSERT INTO `employee` VALUES (1901, '云星2', '女', '1993-01-05', '610122199301054789', '已婚', 1, '陕西西安', 1, 'yunxing@qq.com', '15644442252', '陕西西安新城区', 92, 16, 34, '劳务合同', '硕士', '通信工程', '西安电子科技学校', '2018-01-01', '在职', '00000016', 5.25, NULL, NULL, '2018-01-01', '2023-04-13', NULL, 1);
INSERT INTO `employee` VALUES (1902, '贾旭明2', '男', '1993-11-11', '610122199311111234', '已婚', 1, '广东广州', 4, 'jiaxuming@qq.com', '15644441234', '广东省广州市天河区冼村路', 78, 15, 33, '劳务合同', '初中', '通信工程', '西北大学', '2018-01-01', '在职', '00000017', 5.25, NULL, NULL, '2018-01-01', '2023-04-13', NULL, 1);
INSERT INTO `employee` VALUES (1903, '王一亭', '男', '1991-02-01', '610144199102014569', '已婚', 1, '广东', 6, 'zhangliming@qq.com', '18979994478', '广东珠海', 91, 15, 33, '劳动合同', '高中', '考古', '清华大学', '2018-01-01', '在职', '00000018', 7, NULL, NULL, '2018-01-01', '2025-01-30', NULL, 1);
INSERT INTO `employee` VALUES (1904, '薛磊2', '男', '1992-07-01', '610144199207017895', '已婚', 1, '陕西西安', 13, 'xuelei@qq.com', '15648887741', '西安市雁塔区', 92, 14, 34, '劳动合同', '初中', '无', '华胥中学', '2018-01-01', '在职', '00000019', 1, NULL, NULL, '2018-01-01', '2019-01-01', NULL, 1);
INSERT INTO `employee` VALUES (1905, '张洁2', '女', '1990-10-09', '420177199010093652', '未婚', 1, '海南', 5, 'zhangjie@qq.com', '13695557742', '海口市美兰区', 92, 16, 34, '劳动合同', '高中', '无', '海南侨中', '2018-01-01', '在职', '00000020', 1, NULL, NULL, '2018-01-01', '2019-01-01', NULL, 1);
INSERT INTO `employee` VALUES (1906, '江南一点雨3', '男', '1990-01-01', '610122199001011256', '已婚', 1, '陕西', 13, 'laowang@qq.com', '18565558897', '深圳市南山区', 8, 9, 29, '劳动合同', '本科', '信息管理与信息系统', '深圳大学', '2018-01-01', '在职', '00000021', 1, NULL, NULL, '2018-01-01', '2019-01-01', NULL, 1);
INSERT INTO `employee` VALUES (1907, '陈静3', '女', '1989-02-01', '421288198902011234', '已婚', 1, '海南', 1, 'chenjing@qq.com', '18795556693', '海南省海口市美兰区', 82, 12, 30, '劳动合同', '高中', '市场营销', '武汉大学', '2015-06-09', '在职', '00000022', 3, NULL, NULL, '2015-06-09', '2018-06-08', NULL, 1);
INSERT INTO `employee` VALUES (1908, '鹿存亮3', '男', '1990-01-03', '610122199001031456', '已婚', 1, '陕西', 3, 'zhao@qq.com', '15612347795', '陕西省西安市莲湖区', 92, 12, 34, '劳动合同', '高中', '电子工程', '哈尔滨理工大学', '2018-01-01', '在职', '00000024', 3.5, NULL, NULL, '2018-01-01', '2021-07-14', NULL, 1);
INSERT INTO `employee` VALUES (1909, '姚森3', '男', '1991-02-05', '610122199102058952', '已婚', 1, '河南', 3, 'yaosen@qq.com', '14785559936', '河南洛阳人民大道58号', 92, 15, 34, '劳动合同', '初中', '室内装修设计', '西北大学', '2017-01-02', '在职', '00000025', 7, NULL, NULL, '2017-01-02', '2024-01-17', NULL, 1);
INSERT INTO `employee` VALUES (1910, '云星3', '女', '1993-01-05', '610122199301054789', '已婚', 1, '陕西西安', 1, 'yunxing@qq.com', '15644442252', '陕西西安新城区', 92, 16, 34, '劳务合同', '硕士', '通信工程', '西安电子科技学校', '2018-01-01', '在职', '00000026', 5.25, NULL, NULL, '2018-01-01', '2023-04-13', NULL, 1);
INSERT INTO `employee` VALUES (1911, '贾旭明3', '男', '1993-11-11', '610122199311111234', '已婚', 1, '广东广州', 4, 'jiaxuming@qq.com', '15644441234', '广东省广州市天河区冼村路', 78, 15, 33, '劳务合同', '初中', '通信工程', '西北大学', '2018-01-01', '在职', '00000027', 5.25, NULL, NULL, '2018-01-01', '2023-04-13', NULL, 1);
INSERT INTO `employee` VALUES (1912, '张黎明3', '男', '1991-02-01', '610144199102014569', '已婚', 1, '广东', 6, 'zhangliming@qq.com', '18979994478', '广东珠海', 91, 15, 33, '劳动合同', '高中', '考古', '清华大学', '2018-01-01', '在职', '00000028', 7, NULL, NULL, '2018-01-01', '2025-01-30', NULL, 1);
INSERT INTO `employee` VALUES (1913, '薛磊3', '男', '1992-07-01', '610144199207017895', '已婚', 1, '陕西西安', 13, 'xuelei@qq.com', '15648887741', '西安市雁塔区', 92, 14, 34, '劳动合同', '初中', '无', '华胥中学', '2018-01-01', '在职', '00000029', 6, NULL, NULL, '2018-01-01', '2024-01-17', NULL, 1);
INSERT INTO `employee` VALUES (1914, '江南一点雨4', '男', '1990-01-01', '610122199001011256', '已婚', 1, '陕西', 13, 'laowang@qq.com', '18565558897', '深圳市南山区', 8, 9, 29, '劳动合同', '本科', '信息管理与信息系统', '深圳大学', '2018-01-01', '在职', '00000031', 1, NULL, NULL, '2018-01-01', '2019-01-01', NULL, 1);
INSERT INTO `employee` VALUES (1915, '陈静4', '女', '1989-02-01', '421288198902011234', '已婚', 1, '海南', 1, 'chenjing@qq.com', '18795556693', '海南省海口市美兰区', 82, 12, 30, '劳动合同', '高中', '市场营销', '武汉大学', '2015-06-09', '在职', '00000032', 3, NULL, NULL, '2015-06-09', '2018-06-08', NULL, 1);
INSERT INTO `employee` VALUES (1916, '赵琳浩4', '男', '1993-03-04', '610122199303041456', '未婚', 1, '陕西', 3, 'zhao@qq.com', '15698887795', '陕西省西安市莲湖区', 91, 12, 33, '劳动合同', '博士', '电子工程', '哈尔滨理工大学', '2018-01-01', '在职', '00000033', 3.5, NULL, NULL, '2018-01-01', '2021-07-14', NULL, 1);
INSERT INTO `employee` VALUES (1917, '鹿存亮4', '男', '1990-01-03', '610122199001031456', '已婚', 1, '陕西', 3, 'zhao@qq.com', '15612347795', '陕西省西安市莲湖区', 92, 12, 34, '劳动合同', '高中', '电子工程', '哈尔滨理工大学', '2018-01-01', '在职', '00000034', 3.5, NULL, NULL, '2018-01-01', '2021-07-14', NULL, 1);
INSERT INTO `employee` VALUES (1918, '姚森4', '男', '1991-02-05', '610122199102058952', '已婚', 1, '河南', 3, 'yaosen@qq.com', '14785559936', '河南洛阳人民大道58号', 92, 15, 34, '劳动合同', '初中', '室内装修设计', '西北大学', '2017-01-02', '在职', '00000035', 7, NULL, NULL, '2017-01-02', '2024-01-17', NULL, 1);
INSERT INTO `employee` VALUES (1919, '云星4', '女', '1993-01-05', '610122199301054789', '已婚', 1, '陕西西安', 1, 'yunxing@qq.com', '15644442252', '陕西西安新城区', 92, 16, 34, '劳务合同', '硕士', '通信工程', '西安电子科技学校', '2018-01-01', '在职', '00000036', 5.25, NULL, NULL, '2018-01-01', '2023-04-13', NULL, 1);
INSERT INTO `employee` VALUES (1920, '贾旭明4', '男', '1993-11-11', '610122199311111234', '已婚', 1, '广东广州', 4, 'jiaxuming@qq.com', '15644441234', '广东省广州市天河区冼村路', 78, 15, 33, '劳务合同', '初中', '通信工程', '西北大学', '2018-01-01', '在职', '00000037', 5.25, NULL, NULL, '2018-01-01', '2023-04-13', NULL, 1);
INSERT INTO `employee` VALUES (1921, '谢工', '女', '1970-01-01', '618177197001011234', '离异', 1, '江苏', 1, '584991843@qq.com', '18558887788', '北京', 91, 12, 29, '劳动合同', '本科', '计算机软件', '南华大学', '2018-01-01', '在职', '00000038', 5, NULL, NULL, '2018-01-01', '2023-01-01', NULL, 1);
INSERT INTO `employee` VALUES (1922, '林昭亮', '男', '1990-01-01', '610122199809091234', '已婚', 1, '广东', 13, '584991843@qq.com', '16767776654', '广东深圳', 91, 15, 33, '劳动合同', '大专', '计算机软件', '广东职业技术学院', '2018-01-01', '在职', '00000039', 5, NULL, NULL, '2018-01-01', '2023-01-01', NULL, 1);
INSERT INTO `employee` VALUES (1923, '11', '男', '2018-01-01', '610122201801011234', '已婚', 1, '1', 1, '584991843@qq.com', '111', '1', 89, 9, 29, '劳动合同', '本科', '1', '1', '2018-01-01', '在职', '00000040', 4, NULL, NULL, '2018-01-01', '2022-01-26', NULL, 1);
INSERT INTO `employee` VALUES (1924, '1', '男', '2018-01-01', '610188199809091234', '已婚', 1, '1', 1, '584991843@qq.com', '1', '1', 89, 9, 29, '劳动合同', '大专', '1', '1', '2018-01-31', '在职', '00000041', 1, NULL, NULL, '2018-01-31', '2019-01-31', NULL, 1);
INSERT INTO `employee` VALUES (1925, '1', '男', '2018-01-01', '610122199909090000', '已婚', 1, '1', 1, '584991843@qq.com', '1', '1', 78, 9, 29, '劳动合同', '大专', '1', '1', '2018-01-31', '在职', '00000042', 1, NULL, NULL, '2018-01-31', '2019-01-31', NULL, 1);
INSERT INTO `employee` VALUES (1926, '1', '男', '2018-01-01', '610122199909090000', '已婚', 1, '1', 1, '584991843@qq.com', '1', '1', 81, 9, 29, '劳动合同', '大专', '1', '1', '2018-01-31', '在职', '00000043', 0, NULL, NULL, '2018-01-31', '2018-01-31', NULL, 1);
INSERT INTO `employee` VALUES (1927, '1', '男', '2018-01-01', '610122199909099999', '已婚', 1, '1', 1, '584991843@qq.com', '1', '1', 87, 9, 29, '劳动合同', '大专', '1', '1', '2018-01-01', '在职', '00000044', 0, NULL, NULL, '2018-01-01', '2018-01-31', NULL, 1);
INSERT INTO `employee` VALUES (1928, '1', '男', '2018-01-01', '610122199909099999', '已婚', 1, '1', 1, '584991843@qq.com', '1', '1', 78, 9, 29, '劳动合同', '大专', '1', '1', '2018-01-01', '在职', '00000045', 0, NULL, NULL, '2018-01-01', '2018-01-31', NULL, 1);
INSERT INTO `employee` VALUES (1929, '林伯渠', '男', '2018-01-01', '610122199909099999', '未婚', 1, '1', 1, '584991843@qq.com', '1', '1', 8, 9, 29, '劳动合同', '大专', '1', '1', '2018-01-31', '在职', '00000046', 0, NULL, NULL, '2018-01-31', '2018-01-31', NULL, 1);
INSERT INTO `employee` VALUES (1930, '1', '男', '2018-01-01', '610122199909091234', '已婚', 1, '1', 1, '584991843@qq.com', '1', '1', 8, 9, 29, '劳动合同', '大专', '1', '1', '2018-01-31', '在职', '00000047', 0, NULL, NULL, '2018-01-31', '2018-01-31', NULL, 1);
INSERT INTO `employee` VALUES (1931, 'javaboy', '男', '1989-12-31', '610122199001011256', '已婚', 1, '陕西', 13, 'laowang@qq.com', '18565558897', '深圳市南山区', 5, 9, 29, '劳务合同', '本科', '信息管理与信息系统', '深圳大学', '2017-12-31', '在职', '00000057', 2, '2018-03-31', NULL, '2017-12-31', '2019-12-31', NULL, 1);
INSERT INTO `employee` VALUES (1932, 'javaboy', '男', '1989-12-31', '610122199001011256', '已婚', 1, '陕西', 13, 'laowang@qq.com', '18565558897', '深圳市南山区', 93, 9, 29, '劳务合同', '本科', '信息管理与信息系统', '深圳大学', '2019-11-05', '在职', '00000058', 2, '2018-03-31', NULL, '2017-12-31', '2019-12-31', NULL, 1);
INSERT INTO `employee` VALUES (1933, 'javaboy', '男', '1989-12-31', '610122199001011256', '已婚', 1, '', 13, 'laowang@qq.com', '18565558897', '深圳市南山区', 93, 9, 29, '劳务合同', '本科', '信息管理与信息系统', '深圳大学', '2019-11-05', '在职', '00000059', 2, '2018-03-31', NULL, '2017-12-31', '2019-12-31', NULL, 1);
INSERT INTO `employee` VALUES (1934, 'javaboy', '男', '1989-12-31', '610122199001011256', '已婚', 1, '陕西', 13, 'laowan@123.com', '18565558897', '深圳市南山区', 5, 9, 29, '劳务合同', '本科', '信息管理与信息系统', '深圳大学', '2017-12-31', '在职', '00000060', 2, '2018-03-31', NULL, '2017-12-31', '2019-12-31', NULL, 1);
INSERT INTO `employee` VALUES (1935, 'javaboy', '男', '1989-12-31', '610122199001011256', '已婚', 1, '陕西', 13, 'laowan@123.com', '18565558897', '深圳市南山区', 5, 9, 29, '劳务合同', '本科', '信息管理与信息系统', '深圳大学', '2017-12-31', '在职', '00000060', 2, '2018-03-31', NULL, '2017-12-31', '2019-12-31', NULL, 1);
INSERT INTO `employee` VALUES (1936, 'javaboy', '男', '1989-12-31', '610122199001011256', '已婚', 1, '陕西', 13, 'laowang@qq.com', '18565558897', '深圳市南山区', 91, 9, 29, '劳务合同', '本科', '信息管理与信息系统', '深圳大学', '2017-12-31', '在职', '00000061', 2, '2018-03-31', NULL, '2017-12-31', '2019-12-31', NULL, 1);
INSERT INTO `employee` VALUES (1937, 'javaboy', '男', '1989-12-31', '610122199001011256', '已婚', 1, '陕西', 13, 'laowang@qq.com', '18565558897', '深圳市南山区', 91, 9, 29, '劳务合同', '本科', '信息管理与信息系统', '深圳大学', '2017-12-31', '在职', '00000062', 6.17, '2018-03-31', NULL, '2017-12-31', '2024-02-29', NULL, 1);
INSERT INTO `employee` VALUES (1938, 'javaboy666', '男', '2019-11-10', '610122199911111111', '已婚', 1, '广东', 13, '123@qq.com', '12345678901', '广东深圳', 78, 9, 29, '劳动合同', '本科', '信管', '深圳大学', '2019-11-10', '在职', '00000063', 3.25, '2020-02-10', NULL, '2019-11-10', '2023-02-22', NULL, 1);
INSERT INTO `employee` VALUES (1939, 'javaboy666', '男', '2019-11-10', '610122199911111111', '已婚', 1, '广东', 13, '123@qq.com', '12345678901', '广东深圳', 78, 9, 29, '劳动合同', '本科', '信管', '深圳大学', '2019-11-10', '在职', '00000063', 3.25, '2020-02-10', NULL, '2019-11-10', '2023-02-22', NULL, 1);
INSERT INTO `employee` VALUES (1948, '赵coco', '男', '1993-03-04', '610122199303041456', '未婚', 1, '陕西', 3, 'zhao@qq.com', '15698887795', '陕西省西安市莲湖区', 1, 12, 33, '劳动合同', '博士', '电子工程', '哈尔滨理工大学', '2018-01-01', '在职', '00000067', 4.92, '2018-04-01', NULL, '2018-01-01', '2022-12-01', NULL, 1);
INSERT INTO `employee` VALUES (2749, '陈静', '女', '1989-02-01', '421288198902011234', '已婚', 1, '海南', 1, 'chenjing@qq.com', '18795556693', '海南省海口市美兰区', 8, 12, 30, '劳动合同', '高中', '市场营销', '武汉大学', '2015-06-09', '在职', '00000002', 3, NULL, NULL, '2015-06-09', '2018-06-08', NULL, 1);
INSERT INTO `employee` VALUES (2750, '陈静', '女', '1989-02-01', '421288198902011234', '已婚', 1, '海南', 1, 'chenjing@qq.com', '18795556693', '海南省海口市美兰区', 8, 12, 30, '劳动合同', '高中', '市场营销', '武汉大学', '2015-06-09', '在职', '00000002', 3, NULL, NULL, '2015-06-09', '2018-06-08', NULL, 1);
INSERT INTO `employee` VALUES (2751, '陈静', '女', '1989-02-01', '421288198902011234', '已婚', 1, '海南', 1, 'chenjing@qq.com', '18795556693', '海南省海口市美兰区', 8, 12, 30, '劳动合同', '高中', '市场营销', '武汉大学', '2015-06-09', '在职', '00000002', 3, NULL, NULL, '2015-06-09', '2018-06-08', NULL, 1);
INSERT INTO `employee` VALUES (2752, '陈静', '女', '1989-02-01', '421288198902011234', '已婚', 1, '海南', 1, 'chenjing@qq.com', '18795556693', '海南省海口市美兰区', 8, 12, 30, '劳动合同', '高中', '市场营销', '武汉大学', '2015-06-09', '在职', '00000002', 3, NULL, NULL, '2015-06-09', '2018-06-08', NULL, 1);
INSERT INTO `employee` VALUES (2753, '陈静', '女', '1989-02-01', '421288198902011234', '已婚', 1, '海南', 1, 'chenjing@qq.com', '18795556693', '海南省海口市美兰区', 8, 12, 30, '劳动合同', '高中', '市场营销', '武汉大学', '2015-06-09', '在职', '00000002', 3, NULL, NULL, '2015-06-09', '2018-06-08', NULL, 1);
INSERT INTO `employee` VALUES (2754, '陈静', '女', '1989-02-01', '421288198902011234', '已婚', 1, '海南', 1, 'chenjing@qq.com', '18795556693', '海南省海口市美兰区', 8, 12, 30, '劳动合同', '高中', '市场营销', '武汉大学', '2015-06-09', '在职', '00000002', 3, NULL, NULL, '2015-06-09', '2018-06-08', NULL, 1);
INSERT INTO `employee` VALUES (2755, '陈静', '女', '1989-02-01', '421288198902011234', '已婚', 1, '海南', 1, 'chenjing@qq.com', '18795556693', '海南省海口市美兰区', 8, 12, 30, '劳动合同', '高中', '市场营销', '武汉大学', '2015-06-09', '在职', '00000002', 3, NULL, NULL, '2015-06-09', '2018-06-08', NULL, 1);
INSERT INTO `employee` VALUES (2756, '陈静', '女', '1989-02-01', '421288198902011234', '已婚', 1, '海南', 1, 'chenjing@qq.com', '18795556693', '海南省海口市美兰区', 8, 12, 30, '劳动合同', '高中', '市场营销', '武汉大学', '2015-06-09', '在职', '00000002', 3, NULL, NULL, '2015-06-09', '2018-06-08', NULL, 1);
INSERT INTO `employee` VALUES (2757, '陈静', '女', '1989-02-01', '421288198902011234', '已婚', 1, '海南', 1, 'chenjing@qq.com', '18795556693', '海南省海口市美兰区', 8, 12, 30, '劳动合同', '高中', '市场营销', '武汉大学', '2015-06-09', '在职', '00000002', 3, NULL, NULL, '2015-06-09', '2018-06-08', NULL, 1);
INSERT INTO `employee` VALUES (2758, '陈静', '女', '1989-02-01', '421288198902011234', '已婚', 1, '海南', 1, 'chenjing@qq.com', '18795556693', '海南省海口市美兰区', 8, 12, 30, '劳动合同', '高中', '市场营销', '武汉大学', '2015-06-09', '在职', '00000002', 3, NULL, NULL, '2015-06-09', '2018-06-08', NULL, 1);
INSERT INTO `employee` VALUES (2759, '陈静', '女', '1989-02-01', '421288198902011234', '已婚', 1, '海南', 1, 'chenjing@qq.com', '18795556693', '海南省海口市美兰区', 8, 12, 30, '劳动合同', '高中', '市场营销', '武汉大学', '2015-06-09', '在职', '00000002', 3, NULL, NULL, '2015-06-09', '2018-06-08', NULL, 1);
INSERT INTO `employee` VALUES (2760, '陈静', '女', '1989-02-01', '421288198902011234', '已婚', 1, '海南', 1, 'chenjing@qq.com', '18795556693', '海南省海口市美兰区', 8, 12, 30, '劳动合同', '高中', '市场营销', '武汉大学', '2015-06-09', '在职', '00000002', 3, NULL, NULL, '2015-06-09', '2018-06-08', NULL, 1);
INSERT INTO `employee` VALUES (2761, '陈静', '女', '1989-02-01', '421288198902011234', '已婚', 1, '海南', 1, 'chenjing@qq.com', '18795556693', '海南省海口市美兰区', 8, 12, 30, '劳动合同', '高中', '市场营销', '武汉大学', '2015-06-09', '在职', '00000002', 3, NULL, NULL, '2015-06-09', '2018-06-08', NULL, 1);
INSERT INTO `employee` VALUES (2762, '陈静', '女', '1989-02-01', '421288198902011234', '已婚', 1, '海南', 1, 'chenjing@qq.com', '18795556693', '海南省海口市美兰区', 8, 12, 30, '劳动合同', '高中', '市场营销', '武汉大学', '2015-06-09', '在职', '00000002', 3, NULL, NULL, '2015-06-09', '2018-06-08', NULL, 1);
INSERT INTO `employee` VALUES (2763, '陈静', '女', '1989-02-01', '421288198902011234', '已婚', 1, '海南', 1, 'chenjing@qq.com', '18795556693', '海南省海口市美兰区', 8, 12, 30, '劳动合同', '高中', '市场营销', '武汉大学', '2015-06-09', '在职', '00000002', 3, NULL, NULL, '2015-06-09', '2018-06-08', NULL, 1);
INSERT INTO `employee` VALUES (2764, '陈静', '女', '1989-02-01', '421288198902011234', '已婚', 1, '海南', 1, 'chenjing@qq.com', '18795556693', '海南省海口市美兰区', 8, 12, 30, '劳动合同', '高中', '市场营销', '武汉大学', '2015-06-09', '在职', '00000002', 3, NULL, NULL, '2015-06-09', '2018-06-08', NULL, 1);
INSERT INTO `employee` VALUES (2765, '陈静', '女', '1989-02-01', '421288198902011234', '已婚', 1, '海南', 1, 'chenjing@qq.com', '18795556693', '海南省海口市美兰区', 8, 12, 30, '劳动合同', '高中', '市场营销', '武汉大学', '2015-06-09', '在职', '00000002', 3, NULL, NULL, '2015-06-09', '2018-06-08', NULL, 1);
INSERT INTO `employee` VALUES (2766, '陈静', '女', '1989-02-01', '421288198902011234', '已婚', 1, '海南', 1, 'chenjing@qq.com', '18795556693', '海南省海口市美兰区', 8, 12, 30, '劳动合同', '高中', '市场营销', '武汉大学', '2015-06-09', '在职', '00000002', 3, NULL, NULL, '2015-06-09', '2018-06-08', NULL, 1);
INSERT INTO `employee` VALUES (2767, '陈静', '女', '1989-02-01', '421288198902011234', '已婚', 1, '海南', 1, 'chenjing@qq.com', '18795556693', '海南省海口市美兰区', 8, 12, 30, '劳动合同', '高中', '市场营销', '武汉大学', '2015-06-09', '在职', '00000002', 3, NULL, NULL, '2015-06-09', '2018-06-08', NULL, 1);
INSERT INTO `employee` VALUES (2768, '陈静', '女', '1989-02-01', '421288198902011234', '已婚', 1, '海南', 1, 'chenjing@qq.com', '18795556693', '海南省海口市美兰区', 8, 12, 30, '劳动合同', '高中', '市场营销', '武汉大学', '2015-06-09', '在职', '00000002', 3, NULL, NULL, '2015-06-09', '2018-06-08', NULL, 1);
INSERT INTO `employee` VALUES (2769, '陈静', '女', '1989-02-01', '421288198902011234', '已婚', 1, '海南', 1, 'chenjing@qq.com', '18795556693', '海南省海口市美兰区', 8, 12, 30, '劳动合同', '高中', '市场营销', '武汉大学', '2015-06-09', '在职', '00000002', 3, NULL, NULL, '2015-06-09', '2018-06-08', NULL, 1);
INSERT INTO `employee` VALUES (2770, '陈静', '女', '1989-02-01', '421288198902011234', '已婚', 1, '海南', 1, 'chenjing@qq.com', '18795556693', '海南省海口市美兰区', 8, 12, 30, '劳动合同', '高中', '市场营销', '武汉大学', '2015-06-09', '在职', '00000002', 3, NULL, NULL, '2015-06-09', '2018-06-08', NULL, 1);
INSERT INTO `employee` VALUES (2771, '陈静', '女', '1989-02-01', '421288198902011234', '已婚', 1, '海南', 1, 'chenjing@qq.com', '18795556693', '海南省海口市美兰区', 8, 12, 30, '劳动合同', '高中', '市场营销', '武汉大学', '2015-06-09', '在职', '00000002', 3, NULL, NULL, '2015-06-09', '2018-06-08', NULL, 1);
INSERT INTO `employee` VALUES (2772, '陈静', '女', '1989-02-01', '421288198902011234', '已婚', 1, '海南', 1, 'chenjing@qq.com', '18795556693', '海南省海口市美兰区', 8, 12, 30, '劳动合同', '高中', '市场营销', '武汉大学', '2015-06-09', '在职', '00000002', 3, NULL, NULL, '2015-06-09', '2018-06-08', NULL, 1);
INSERT INTO `employee` VALUES (2773, '陈静', '女', '1989-02-01', '421288198902011234', '已婚', 1, '海南', 1, 'chenjing@qq.com', '18795556693', '海南省海口市美兰区', 8, 12, 30, '劳动合同', '高中', '市场营销', '武汉大学', '2015-06-09', '在职', '00000002', 3, NULL, NULL, '2015-06-09', '2018-06-08', NULL, 1);
INSERT INTO `employee` VALUES (2774, '陈静', '女', '1989-02-01', '421288198902011234', '已婚', 1, '海南', 1, 'chenjing@qq.com', '18795556693', '海南省海口市美兰区', 8, 12, 30, '劳动合同', '高中', '市场营销', '武汉大学', '2015-06-09', '在职', '00000002', 3, NULL, NULL, '2015-06-09', '2018-06-08', NULL, 1);
INSERT INTO `employee` VALUES (2775, '陈静', '女', '1989-02-01', '421288198902011234', '已婚', 1, '海南', 1, 'chenjing@qq.com', '18795556693', '海南省海口市美兰区', 8, 12, 30, '劳动合同', '高中', '市场营销', '武汉大学', '2015-06-09', '在职', '00000002', 3, NULL, NULL, '2015-06-09', '2018-06-08', NULL, 1);
INSERT INTO `employee` VALUES (2776, '陈静', '女', '1989-02-01', '421288198902011234', '已婚', 1, '海南', 1, 'chenjing@qq.com', '18795556693', '海南省海口市美兰区', 8, 12, 30, '劳动合同', '高中', '市场营销', '武汉大学', '2015-06-09', '在职', '00000002', 3, NULL, NULL, '2015-06-09', '2018-06-08', NULL, 1);
INSERT INTO `employee` VALUES (2777, '陈静', '女', '1989-02-01', '421288198902011234', '已婚', 1, '海南', 1, 'chenjing@qq.com', '18795556693', '海南省海口市美兰区', 8, 12, 30, '劳动合同', '高中', '市场营销', '武汉大学', '2015-06-09', '在职', '00000002', 3, NULL, NULL, '2015-06-09', '2018-06-08', NULL, 1);
INSERT INTO `employee` VALUES (2778, '陈静', '女', '1989-02-01', '421288198902011234', '已婚', 1, '海南', 1, 'chenjing@qq.com', '18795556693', '海南省海口市美兰区', 8, 12, 30, '劳动合同', '高中', '市场营销', '武汉大学', '2015-06-09', '在职', '00000002', 3, NULL, NULL, '2015-06-09', '2018-06-08', NULL, 1);
INSERT INTO `employee` VALUES (2779, '陈静', '女', '1989-02-01', '421288198902011234', '已婚', 1, '海南', 1, 'chenjing@qq.com', '18795556693', '海南省海口市美兰区', 8, 12, 30, '劳动合同', '高中', '市场营销', '武汉大学', '2015-06-09', '在职', '00000002', 3, NULL, NULL, '2015-06-09', '2018-06-08', NULL, 1);
INSERT INTO `employee` VALUES (2780, '陈静', '女', '1989-02-01', '421288198902011234', '已婚', 1, '海南', 1, 'chenjing@qq.com', '18795556693', '海南省海口市美兰区', 8, 12, 30, '劳动合同', '高中', '市场营销', '武汉大学', '2015-06-09', '在职', '00000002', 3, NULL, NULL, '2015-06-09', '2018-06-08', NULL, 1);
INSERT INTO `employee` VALUES (2781, '陈静', '女', '1989-02-01', '421288198902011234', '已婚', 1, '海南', 1, 'chenjing@qq.com', '18795556693', '海南省海口市美兰区', 8, 12, 30, '劳动合同', '高中', '市场营销', '武汉大学', '2015-06-09', '在职', '00000002', 3, NULL, NULL, '2015-06-09', '2018-06-08', NULL, 1);
INSERT INTO `employee` VALUES (2782, '陈静', '女', '1989-02-01', '421288198902011234', '已婚', 1, '海南', 1, 'chenjing@qq.com', '18795556693', '海南省海口市美兰区', 8, 12, 30, '劳动合同', '高中', '市场营销', '武汉大学', '2015-06-09', '在职', '00000002', 3, NULL, NULL, '2015-06-09', '2018-06-08', NULL, 1);
INSERT INTO `employee` VALUES (2783, '陈静', '女', '1989-02-01', '421288198902011234', '已婚', 1, '海南', 1, 'chenjing@qq.com', '18795556693', '海南省海口市美兰区', 8, 12, 30, '劳动合同', '高中', '市场营销', '武汉大学', '2015-06-09', '在职', '00000002', 3, NULL, NULL, '2015-06-09', '2018-06-08', NULL, 1);
INSERT INTO `employee` VALUES (2784, '陈静', '女', '1989-02-01', '421288198902011234', '已婚', 1, '海南', 1, 'chenjing@qq.com', '18795556693', '海南省海口市美兰区', 8, 12, 30, '劳动合同', '高中', '市场营销', '武汉大学', '2015-06-09', '在职', '00000002', 3, NULL, NULL, '2015-06-09', '2018-06-08', NULL, 1);
INSERT INTO `employee` VALUES (2785, '陈静', '女', '1989-02-01', '421288198902011234', '已婚', 1, '海南', 1, 'chenjing@qq.com', '18795556693', '海南省海口市美兰区', 8, 12, 30, '劳动合同', '高中', '市场营销', '武汉大学', '2015-06-09', '在职', '00000002', 3, NULL, NULL, '2015-06-09', '2018-06-08', NULL, 1);
INSERT INTO `employee` VALUES (2786, '陈静', '女', '1989-02-01', '421288198902011234', '已婚', 1, '海南', 1, 'chenjing@qq.com', '18795556693', '海南省海口市美兰区', 8, 12, 30, '劳动合同', '高中', '市场营销', '武汉大学', '2015-06-09', '在职', '00000002', 3, NULL, NULL, '2015-06-09', '2018-06-08', NULL, 1);
INSERT INTO `employee` VALUES (2787, '陈静', '女', '1989-02-01', '421288198902011234', '已婚', 1, '海南', 1, 'chenjing@qq.com', '18795556693', '海南省海口市美兰区', 8, 12, 30, '劳动合同', '高中', '市场营销', '武汉大学', '2015-06-09', '在职', '00000002', 3, NULL, NULL, '2015-06-09', '2018-06-08', NULL, 1);
INSERT INTO `employee` VALUES (2788, '陈静', '女', '1989-02-01', '421288198902011234', '已婚', 1, '海南', 1, 'chenjing@qq.com', '18795556693', '海南省海口市美兰区', 8, 12, 30, '劳动合同', '高中', '市场营销', '武汉大学', '2015-06-09', '在职', '00000002', 3, NULL, NULL, '2015-06-09', '2018-06-08', NULL, 1);
INSERT INTO `employee` VALUES (2789, '陈静', '女', '1989-02-01', '421288198902011234', '已婚', 1, '海南', 1, 'chenjing@qq.com', '18795556693', '海南省海口市美兰区', 8, 12, 30, '劳动合同', '高中', '市场营销', '武汉大学', '2015-06-09', '在职', '00000002', 3, NULL, NULL, '2015-06-09', '2018-06-08', NULL, 1);
INSERT INTO `employee` VALUES (2790, '陈静', '女', '1989-02-01', '421288198902011234', '已婚', 1, '海南', 1, 'chenjing@qq.com', '18795556693', '海南省海口市美兰区', 8, 12, 30, '劳动合同', '高中', '市场营销', '武汉大学', '2015-06-09', '在职', '00000002', 3, NULL, NULL, '2015-06-09', '2018-06-08', NULL, 1);
INSERT INTO `employee` VALUES (2791, '陈静', '女', '1989-02-01', '421288198902011234', '已婚', 1, '海南', 1, 'chenjing@qq.com', '18795556693', '海南省海口市美兰区', 8, 12, 30, '劳动合同', '高中', '市场营销', '武汉大学', '2015-06-09', '在职', '00000002', 3, NULL, NULL, '2015-06-09', '2018-06-08', NULL, 1);
INSERT INTO `employee` VALUES (2792, '陈静', '女', '1989-02-01', '421288198902011234', '已婚', 1, '海南', 1, 'chenjing@qq.com', '18795556693', '海南省海口市美兰区', 8, 12, 30, '劳动合同', '高中', '市场营销', '武汉大学', '2015-06-09', '在职', '00000002', 3, NULL, NULL, '2015-06-09', '2018-06-08', NULL, 1);
INSERT INTO `employee` VALUES (2793, '陈静', '女', '1989-02-01', '421288198902011234', '已婚', 1, '海南', 1, 'chenjing@qq.com', '18795556693', '海南省海口市美兰区', 8, 12, 30, '劳动合同', '高中', '市场营销', '武汉大学', '2015-06-09', '在职', '00000002', 3, NULL, NULL, '2015-06-09', '2018-06-08', NULL, 1);
INSERT INTO `employee` VALUES (2794, '陈静', '女', '1989-02-01', '421288198902011234', '已婚', 1, '海南', 1, 'chenjing@qq.com', '18795556693', '海南省海口市美兰区', 8, 12, 30, '劳动合同', '高中', '市场营销', '武汉大学', '2015-06-09', '在职', '00000002', 3, NULL, NULL, '2015-06-09', '2018-06-08', NULL, 1);
INSERT INTO `employee` VALUES (2795, '陈静', '女', '1989-02-01', '421288198902011234', '已婚', 1, '海南', 1, 'chenjing@qq.com', '18795556693', '海南省海口市美兰区', 8, 12, 30, '劳动合同', '高中', '市场营销', '武汉大学', '2015-06-09', '在职', '00000002', 3, NULL, NULL, '2015-06-09', '2018-06-08', NULL, 1);
INSERT INTO `employee` VALUES (2796, '陈静', '女', '1989-02-01', '421288198902011234', '已婚', 1, '海南', 1, 'chenjing@qq.com', '18795556693', '海南省海口市美兰区', 8, 12, 30, '劳动合同', '高中', '市场营销', '武汉大学', '2015-06-09', '在职', '00000002', 3, NULL, NULL, '2015-06-09', '2018-06-08', NULL, 1);
INSERT INTO `employee` VALUES (2797, '陈静', '女', '1989-02-01', '421288198902011234', '已婚', 1, '海南', 1, 'chenjing@qq.com', '18795556693', '海南省海口市美兰区', 8, 12, 30, '劳动合同', '高中', '市场营销', '武汉大学', '2015-06-09', '在职', '00000002', 3, NULL, NULL, '2015-06-09', '2018-06-08', NULL, 1);
INSERT INTO `employee` VALUES (2798, '陈静', '女', '1989-02-01', '421288198902011234', '已婚', 1, '海南', 1, 'chenjing@qq.com', '18795556693', '海南省海口市美兰区', 8, 12, 30, '劳动合同', '高中', '市场营销', '武汉大学', '2015-06-09', '在职', '00000002', 3, NULL, NULL, '2015-06-09', '2018-06-08', NULL, 1);
INSERT INTO `employee` VALUES (2799, '陈静', '女', '1989-02-01', '421288198902011234', '已婚', 1, '海南', 1, 'chenjing@qq.com', '18795556693', '海南省海口市美兰区', 8, 12, 30, '劳动合同', '高中', '市场营销', '武汉大学', '2015-06-09', '在职', '00000002', 3, NULL, NULL, '2015-06-09', '2018-06-08', NULL, 1);
INSERT INTO `employee` VALUES (2800, '陈静', '女', '1989-02-01', '421288198902011234', '已婚', 1, '海南', 1, 'chenjing@qq.com', '18795556693', '海南省海口市美兰区', 8, 12, 30, '劳动合同', '高中', '市场营销', '武汉大学', '2015-06-09', '在职', '00000002', 3, NULL, NULL, '2015-06-09', '2018-06-08', NULL, 1);
INSERT INTO `employee` VALUES (2801, '陈静', '女', '1989-02-01', '421288198902011234', '已婚', 1, '海南', 1, 'chenjing@qq.com', '18795556693', '海南省海口市美兰区', 8, 12, 30, '劳动合同', '高中', '市场营销', '武汉大学', '2015-06-09', '在职', '00000002', 3, NULL, NULL, '2015-06-09', '2018-06-08', NULL, 1);
INSERT INTO `employee` VALUES (2802, '陈静', '女', '1989-02-01', '421288198902011234', '已婚', 1, '海南', 1, 'chenjing@qq.com', '18795556693', '海南省海口市美兰区', 8, 12, 30, '劳动合同', '高中', '市场营销', '武汉大学', '2015-06-09', '在职', '00000002', 3, NULL, NULL, '2015-06-09', '2018-06-08', NULL, 1);
INSERT INTO `employee` VALUES (2803, '陈静', '女', '1989-02-01', '421288198902011234', '已婚', 1, '海南', 1, 'chenjing@qq.com', '18795556693', '海南省海口市美兰区', 8, 12, 30, '劳动合同', '高中', '市场营销', '武汉大学', '2015-06-09', '在职', '00000002', 3, NULL, NULL, '2015-06-09', '2018-06-08', NULL, 1);
INSERT INTO `employee` VALUES (2804, '陈静', '女', '1989-02-01', '421288198902011234', '已婚', 1, '海南', 1, 'chenjing@qq.com', '18795556693', '海南省海口市美兰区', 8, 12, 30, '劳动合同', '高中', '市场营销', '武汉大学', '2015-06-09', '在职', '00000002', 3, NULL, NULL, '2015-06-09', '2018-06-08', NULL, 1);
INSERT INTO `employee` VALUES (2805, '陈静', '女', '1989-02-01', '421288198902011234', '已婚', 1, '海南', 1, 'chenjing@qq.com', '18795556693', '海南省海口市美兰区', 8, 12, 30, '劳动合同', '高中', '市场营销', '武汉大学', '2015-06-09', '在职', '00000002', 3, NULL, NULL, '2015-06-09', '2018-06-08', NULL, 1);
INSERT INTO `employee` VALUES (2806, '陈静', '女', '1989-02-01', '421288198902011234', '已婚', 1, '海南', 1, 'chenjing@qq.com', '18795556693', '海南省海口市美兰区', 8, 12, 30, '劳动合同', '高中', '市场营销', '武汉大学', '2015-06-09', '在职', '00000002', 3, NULL, NULL, '2015-06-09', '2018-06-08', NULL, 1);
INSERT INTO `employee` VALUES (2807, '陈静', '女', '1989-02-01', '421288198902011234', '已婚', 1, '海南', 1, 'chenjing@qq.com', '18795556693', '海南省海口市美兰区', 8, 12, 30, '劳动合同', '高中', '市场营销', '武汉大学', '2015-06-09', '在职', '00000002', 3, NULL, NULL, '2015-06-09', '2018-06-08', NULL, 1);
INSERT INTO `employee` VALUES (2808, '陈静', '女', '1989-02-01', '421288198902011234', '已婚', 1, '海南', 1, 'chenjing@qq.com', '18795556693', '海南省海口市美兰区', 8, 12, 30, '劳动合同', '高中', '市场营销', '武汉大学', '2015-06-09', '在职', '00000002', 3, NULL, NULL, '2015-06-09', '2018-06-08', NULL, 1);
INSERT INTO `employee` VALUES (2809, '陈静', '女', '1989-02-01', '421288198902011234', '已婚', 1, '海南', 1, 'chenjing@qq.com', '18795556693', '海南省海口市美兰区', 8, 12, 30, '劳动合同', '高中', '市场营销', '武汉大学', '2015-06-09', '在职', '00000002', 3, NULL, NULL, '2015-06-09', '2018-06-08', NULL, 1);
INSERT INTO `employee` VALUES (2810, '陈静', '女', '1989-02-01', '421288198902011234', '已婚', 1, '海南', 1, 'chenjing@qq.com', '18795556693', '海南省海口市美兰区', 8, 12, 30, '劳动合同', '高中', '市场营销', '武汉大学', '2015-06-09', '在职', '00000002', 3, NULL, NULL, '2015-06-09', '2018-06-08', NULL, 1);
INSERT INTO `employee` VALUES (2811, '陈静', '女', '1989-02-01', '421288198902011234', '已婚', 1, '海南', 1, 'chenjing@qq.com', '18795556693', '海南省海口市美兰区', 8, 12, 30, '劳动合同', '高中', '市场营销', '武汉大学', '2015-06-09', '在职', '00000002', 3, NULL, NULL, '2015-06-09', '2018-06-08', NULL, 1);
INSERT INTO `employee` VALUES (2812, '陈静', '女', '1989-02-01', '421288198902011234', '已婚', 1, '海南', 1, 'chenjing@qq.com', '18795556693', '海南省海口市美兰区', 8, 12, 30, '劳动合同', '高中', '市场营销', '武汉大学', '2015-06-09', '在职', '00000002', 3, NULL, NULL, '2015-06-09', '2018-06-08', NULL, 1);
INSERT INTO `employee` VALUES (2813, '陈静', '女', '1989-02-01', '421288198902011234', '已婚', 1, '海南', 1, 'chenjing@qq.com', '18795556693', '海南省海口市美兰区', 8, 12, 30, '劳动合同', '高中', '市场营销', '武汉大学', '2015-06-09', '在职', '00000002', 3, NULL, NULL, '2015-06-09', '2018-06-08', NULL, 1);
INSERT INTO `employee` VALUES (2814, '陈静', '女', '1989-02-01', '421288198902011234', '已婚', 1, '海南', 1, 'chenjing@qq.com', '18795556693', '海南省海口市美兰区', 8, 12, 30, '劳动合同', '高中', '市场营销', '武汉大学', '2015-06-09', '在职', '00000002', 3, NULL, NULL, '2015-06-09', '2018-06-08', NULL, 1);
INSERT INTO `employee` VALUES (2815, '陈静', '女', '1989-02-01', '421288198902011234', '已婚', 1, '海南', 1, 'chenjing@qq.com', '18795556693', '海南省海口市美兰区', 8, 12, 30, '劳动合同', '高中', '市场营销', '武汉大学', '2015-06-09', '在职', '00000002', 3, NULL, NULL, '2015-06-09', '2018-06-08', NULL, 1);
INSERT INTO `employee` VALUES (2816, '陈静', '女', '1989-02-01', '421288198902011234', '已婚', 1, '海南', 1, 'chenjing@qq.com', '18795556693', '海南省海口市美兰区', 8, 12, 30, '劳动合同', '高中', '市场营销', '武汉大学', '2015-06-09', '在职', '00000002', 3, NULL, NULL, '2015-06-09', '2018-06-08', NULL, 1);
INSERT INTO `employee` VALUES (2817, '陈静', '女', '1989-02-01', '421288198902011234', '已婚', 1, '海南', 1, 'chenjing@qq.com', '18795556693', '海南省海口市美兰区', 8, 12, 30, '劳动合同', '高中', '市场营销', '武汉大学', '2015-06-09', '在职', '00000002', 3, NULL, NULL, '2015-06-09', '2018-06-08', NULL, 1);
INSERT INTO `employee` VALUES (2818, '陈静', '女', '1989-02-01', '421288198902011234', '已婚', 1, '海南', 1, 'chenjing@qq.com', '18795556693', '海南省海口市美兰区', 8, 12, 30, '劳动合同', '高中', '市场营销', '武汉大学', '2015-06-09', '在职', '00000002', 3, NULL, NULL, '2015-06-09', '2018-06-08', NULL, 1);
INSERT INTO `employee` VALUES (2819, '陈静', '女', '1989-02-01', '421288198902011234', '已婚', 1, '海南', 1, 'chenjing@qq.com', '18795556693', '海南省海口市美兰区', 8, 12, 30, '劳动合同', '高中', '市场营销', '武汉大学', '2015-06-09', '在职', '00000002', 3, NULL, NULL, '2015-06-09', '2018-06-08', NULL, 1);
INSERT INTO `employee` VALUES (2820, '陈静', '女', '1989-02-01', '421288198902011234', '已婚', 1, '海南', 1, 'chenjing@qq.com', '18795556693', '海南省海口市美兰区', 8, 12, 30, '劳动合同', '高中', '市场营销', '武汉大学', '2015-06-09', '在职', '00000002', 3, NULL, NULL, '2015-06-09', '2018-06-08', NULL, 1);
INSERT INTO `employee` VALUES (2821, '陈静', '女', '1989-02-01', '421288198902011234', '已婚', 1, '海南', 1, 'chenjing@qq.com', '18795556693', '海南省海口市美兰区', 8, 12, 30, '劳动合同', '高中', '市场营销', '武汉大学', '2015-06-09', '在职', '00000002', 3, NULL, NULL, '2015-06-09', '2018-06-08', NULL, 1);
INSERT INTO `employee` VALUES (2822, '陈静', '女', '1989-02-01', '421288198902011234', '已婚', 1, '海南', 1, 'chenjing@qq.com', '18795556693', '海南省海口市美兰区', 8, 12, 30, '劳动合同', '高中', '市场营销', '武汉大学', '2015-06-09', '在职', '00000002', 3, NULL, NULL, '2015-06-09', '2018-06-08', NULL, 1);
INSERT INTO `employee` VALUES (2823, '陈静', '女', '1989-02-01', '421288198902011234', '已婚', 1, '海南', 1, 'chenjing@qq.com', '18795556693', '海南省海口市美兰区', 8, 12, 30, '劳动合同', '高中', '市场营销', '武汉大学', '2015-06-09', '在职', '00000002', 3, NULL, NULL, '2015-06-09', '2018-06-08', NULL, 1);
INSERT INTO `employee` VALUES (2824, '陈静', '女', '1989-02-01', '421288198902011234', '已婚', 1, '海南', 1, 'chenjing@qq.com', '18795556693', '海南省海口市美兰区', 8, 12, 30, '劳动合同', '高中', '市场营销', '武汉大学', '2015-06-09', '在职', '00000002', 3, NULL, NULL, '2015-06-09', '2018-06-08', NULL, 1);
INSERT INTO `employee` VALUES (2825, '陈静', '女', '1989-02-01', '421288198902011234', '已婚', 1, '海南', 1, 'chenjing@qq.com', '18795556693', '海南省海口市美兰区', 8, 12, 30, '劳动合同', '高中', '市场营销', '武汉大学', '2015-06-09', '在职', '00000002', 3, NULL, NULL, '2015-06-09', '2018-06-08', NULL, 1);
INSERT INTO `employee` VALUES (2826, '陈静', '女', '1989-02-01', '421288198902011234', '已婚', 1, '海南', 1, 'chenjing@qq.com', '18795556693', '海南省海口市美兰区', 8, 12, 30, '劳动合同', '高中', '市场营销', '武汉大学', '2015-06-09', '在职', '00000002', 3, NULL, NULL, '2015-06-09', '2018-06-08', NULL, 1);
INSERT INTO `employee` VALUES (2827, '陈静', '女', '1989-02-01', '421288198902011234', '已婚', 1, '海南', 1, 'chenjing@qq.com', '18795556693', '海南省海口市美兰区', 8, 12, 30, '劳动合同', '高中', '市场营销', '武汉大学', '2015-06-09', '在职', '00000002', 3, NULL, NULL, '2015-06-09', '2018-06-08', NULL, 1);
INSERT INTO `employee` VALUES (2828, '陈静', '女', '1989-02-01', '421288198902011234', '已婚', 1, '海南', 1, 'chenjing@qq.com', '18795556693', '海南省海口市美兰区', 8, 12, 30, '劳动合同', '高中', '市场营销', '武汉大学', '2015-06-09', '在职', '00000002', 3, NULL, NULL, '2015-06-09', '2018-06-08', NULL, 1);
INSERT INTO `employee` VALUES (2829, '陈静', '女', '1989-02-01', '421288198902011234', '已婚', 1, '海南', 1, 'chenjing@qq.com', '18795556693', '海南省海口市美兰区', 8, 12, 30, '劳动合同', '高中', '市场营销', '武汉大学', '2015-06-09', '在职', '00000002', 3, NULL, NULL, '2015-06-09', '2018-06-08', NULL, 1);
INSERT INTO `employee` VALUES (2830, '陈静', '女', '1989-02-01', '421288198902011234', '已婚', 1, '海南', 1, 'chenjing@qq.com', '18795556693', '海南省海口市美兰区', 8, 12, 30, '劳动合同', '高中', '市场营销', '武汉大学', '2015-06-09', '在职', '00000002', 3, NULL, NULL, '2015-06-09', '2018-06-08', NULL, 1);
INSERT INTO `employee` VALUES (2831, '陈静', '女', '1989-02-01', '421288198902011234', '已婚', 1, '海南', 1, 'chenjing@qq.com', '18795556693', '海南省海口市美兰区', 8, 12, 30, '劳动合同', '高中', '市场营销', '武汉大学', '2015-06-09', '在职', '00000002', 3, NULL, NULL, '2015-06-09', '2018-06-08', NULL, 1);
INSERT INTO `employee` VALUES (2832, '陈静', '女', '1989-02-01', '421288198902011234', '已婚', 1, '海南', 1, 'chenjing@qq.com', '18795556693', '海南省海口市美兰区', 8, 12, 30, '劳动合同', '高中', '市场营销', '武汉大学', '2015-06-09', '在职', '00000002', 3, NULL, NULL, '2015-06-09', '2018-06-08', NULL, 1);
INSERT INTO `employee` VALUES (2833, '陈静', '女', '1989-02-01', '421288198902011234', '已婚', 1, '海南', 1, 'chenjing@qq.com', '18795556693', '海南省海口市美兰区', 8, 12, 30, '劳动合同', '高中', '市场营销', '武汉大学', '2015-06-09', '在职', '00000002', 3, NULL, NULL, '2015-06-09', '2018-06-08', NULL, 1);
INSERT INTO `employee` VALUES (2834, '陈静', '女', '1989-02-01', '421288198902011234', '已婚', 1, '海南', 1, 'chenjing@qq.com', '18795556693', '海南省海口市美兰区', 8, 12, 30, '劳动合同', '高中', '市场营销', '武汉大学', '2015-06-09', '在职', '00000002', 3, NULL, NULL, '2015-06-09', '2018-06-08', NULL, 1);
INSERT INTO `employee` VALUES (2835, '陈静', '女', '1989-02-01', '421288198902011234', '已婚', 1, '海南', 1, 'chenjing@qq.com', '18795556693', '海南省海口市美兰区', 8, 12, 30, '劳动合同', '高中', '市场营销', '武汉大学', '2015-06-09', '在职', '00000002', 3, NULL, NULL, '2015-06-09', '2018-06-08', NULL, 1);
INSERT INTO `employee` VALUES (2836, '陈静', '女', '1989-02-01', '421288198902011234', '已婚', 1, '海南', 1, 'chenjing@qq.com', '18795556693', '海南省海口市美兰区', 8, 12, 30, '劳动合同', '高中', '市场营销', '武汉大学', '2015-06-09', '在职', '00000002', 3, NULL, NULL, '2015-06-09', '2018-06-08', NULL, 1);
INSERT INTO `employee` VALUES (2837, '陈静', '女', '1989-02-01', '421288198902011234', '已婚', 1, '海南', 1, 'chenjing@qq.com', '18795556693', '海南省海口市美兰区', 8, 12, 30, '劳动合同', '高中', '市场营销', '武汉大学', '2015-06-09', '在职', '00000002', 3, NULL, NULL, '2015-06-09', '2018-06-08', NULL, 1);
INSERT INTO `employee` VALUES (2838, '陈静', '女', '1989-02-01', '421288198902011234', '已婚', 1, '海南', 1, 'chenjing@qq.com', '18795556693', '海南省海口市美兰区', 8, 12, 30, '劳动合同', '高中', '市场营销', '武汉大学', '2015-06-09', '在职', '00000002', 3, NULL, NULL, '2015-06-09', '2018-06-08', NULL, 1);
INSERT INTO `employee` VALUES (2839, '陈静', '女', '1989-02-01', '421288198902011234', '已婚', 1, '海南', 1, 'chenjing@qq.com', '18795556693', '海南省海口市美兰区', 8, 12, 30, '劳动合同', '高中', '市场营销', '武汉大学', '2015-06-09', '在职', '00000002', 3, NULL, NULL, '2015-06-09', '2018-06-08', NULL, 1);
INSERT INTO `employee` VALUES (2840, '陈静', '女', '1989-02-01', '421288198902011234', '已婚', 1, '海南', 1, 'chenjing@qq.com', '18795556693', '海南省海口市美兰区', 8, 12, 30, '劳动合同', '高中', '市场营销', '武汉大学', '2015-06-09', '在职', '00000002', 3, NULL, NULL, '2015-06-09', '2018-06-08', NULL, 1);
INSERT INTO `employee` VALUES (2841, '陈静', '女', '1989-02-01', '421288198902011234', '已婚', 1, '海南', 1, 'chenjing@qq.com', '18795556693', '海南省海口市美兰区', 8, 12, 30, '劳动合同', '高中', '市场营销', '武汉大学', '2015-06-09', '在职', '00000002', 3, NULL, NULL, '2015-06-09', '2018-06-08', NULL, 1);
INSERT INTO `employee` VALUES (2842, '陈静', '女', '1989-02-01', '421288198902011234', '已婚', 1, '海南', 1, 'chenjing@qq.com', '18795556693', '海南省海口市美兰区', 8, 12, 30, '劳动合同', '高中', '市场营销', '武汉大学', '2015-06-09', '在职', '00000002', 3, NULL, NULL, '2015-06-09', '2018-06-08', NULL, 1);
INSERT INTO `employee` VALUES (2843, '陈静', '女', '1989-02-01', '421288198902011234', '已婚', 1, '海南', 1, 'chenjing@qq.com', '18795556693', '海南省海口市美兰区', 8, 12, 30, '劳动合同', '高中', '市场营销', '武汉大学', '2015-06-09', '在职', '00000002', 3, NULL, NULL, '2015-06-09', '2018-06-08', NULL, 1);
INSERT INTO `employee` VALUES (2844, '陈静', '女', '1989-02-01', '421288198902011234', '已婚', 1, '海南', 1, 'chenjing@qq.com', '18795556693', '海南省海口市美兰区', 8, 12, 30, '劳动合同', '高中', '市场营销', '武汉大学', '2015-06-09', '在职', '00000002', 3, NULL, NULL, '2015-06-09', '2018-06-08', NULL, 1);
INSERT INTO `employee` VALUES (2845, '陈静', '女', '1989-02-01', '421288198902011234', '已婚', 1, '海南', 1, 'chenjing@qq.com', '18795556693', '海南省海口市美兰区', 8, 12, 30, '劳动合同', '高中', '市场营销', '武汉大学', '2015-06-09', '在职', '00000002', 3, NULL, NULL, '2015-06-09', '2018-06-08', NULL, 1);
INSERT INTO `employee` VALUES (2846, '陈静', '女', '1989-02-01', '421288198902011234', '已婚', 1, '海南', 1, 'chenjing@qq.com', '18795556693', '海南省海口市美兰区', 8, 12, 30, '劳动合同', '高中', '市场营销', '武汉大学', '2015-06-09', '在职', '00000002', 3, NULL, NULL, '2015-06-09', '2018-06-08', NULL, 1);
INSERT INTO `employee` VALUES (2847, '陈静', '女', '1989-02-01', '421288198902011234', '已婚', 1, '海南', 1, 'chenjing@qq.com', '18795556693', '海南省海口市美兰区', 8, 12, 30, '劳动合同', '高中', '市场营销', '武汉大学', '2015-06-09', '在职', '00000002', 3, NULL, NULL, '2015-06-09', '2018-06-08', NULL, 1);
INSERT INTO `employee` VALUES (2848, '陈静', '女', '1989-02-01', '421288198902011234', '已婚', 1, '海南', 1, 'chenjing@qq.com', '18795556693', '海南省海口市美兰区', 8, 12, 30, '劳动合同', '高中', '市场营销', '武汉大学', '2015-06-09', '在职', '00000002', 3, NULL, NULL, '2015-06-09', '2018-06-08', NULL, 1);
INSERT INTO `employee` VALUES (2849, 'javaboy', '男', '1989-12-31', '610122199001011256', '已婚', 1, '陕西', 13, 'laowan@123.com', '18565558897', '深圳市南山区', 5, 9, 29, '劳务合同', '本科', '信息管理与信息系统', '深圳大学', '2017-12-31', '在职', '00000060', 2, '2018-03-31', NULL, '2017-12-31', '2019-12-31', NULL, 1);
INSERT INTO `employee` VALUES (2850, 'javaboy', '男', '1989-12-31', '610122199001011256', '已婚', 1, '陕西', 13, 'laowan@123.com', '18565558897', '深圳市南山区', 5, 9, 29, '劳务合同', '本科', '信息管理与信息系统', '深圳大学', '2017-12-31', '在职', '00000060', 2, '2018-03-31', NULL, '2017-12-31', '2019-12-31', NULL, 1);
INSERT INTO `employee` VALUES (2851, 'javaboy', '男', '1989-12-31', '610122199001011256', '已婚', 1, '陕西', 13, 'laowan@123.com', '18565558897', '深圳市南山区', 5, 9, 29, '劳务合同', '本科', '信息管理与信息系统', '深圳大学', '2017-12-31', '在职', '00000060', 2, '2018-03-31', NULL, '2017-12-31', '2019-12-31', NULL, 1);
INSERT INTO `employee` VALUES (2852, 'javaboy', '男', '1989-12-31', '610122199001011256', '已婚', 1, '陕西', 13, 'laowan@123.com', '18565558897', '深圳市南山区', 5, 9, 29, '劳务合同', '本科', '信息管理与信息系统', '深圳大学', '2017-12-31', '在职', '00000060', 2, '2018-03-31', NULL, '2017-12-31', '2019-12-31', NULL, 1);
INSERT INTO `employee` VALUES (2853, 'javaboy', '男', '1989-12-31', '610122199001011256', '已婚', 1, '陕西', 13, 'laowan@123.com', '18565558897', '深圳市南山区', 5, 9, 29, '劳务合同', '本科', '信息管理与信息系统', '深圳大学', '2017-12-31', '在职', '00000060', 2, '2018-03-31', NULL, '2017-12-31', '2019-12-31', NULL, 1);
INSERT INTO `employee` VALUES (2854, 'javaboy', '男', '1989-12-31', '610122199001011256', '已婚', 1, '陕西', 13, 'laowan@123.com', '18565558897', '深圳市南山区', 5, 9, 29, '劳务合同', '本科', '信息管理与信息系统', '深圳大学', '2017-12-31', '在职', '00000060', 2, '2018-03-31', NULL, '2017-12-31', '2019-12-31', NULL, 1);
INSERT INTO `employee` VALUES (2855, 'javaboy', '男', '1989-12-31', '610122199001011256', '已婚', 1, '陕西', 13, 'laowan@123.com', '18565558897', '深圳市南山区', 5, 9, 29, '劳务合同', '本科', '信息管理与信息系统', '深圳大学', '2017-12-31', '在职', '00000060', 2, '2018-03-31', NULL, '2017-12-31', '2019-12-31', NULL, 1);
INSERT INTO `employee` VALUES (2856, 'javaboy', '男', '1989-12-31', '610122199001011256', '已婚', 1, '陕西', 13, 'laowan@123.com', '18565558897', '深圳市南山区', 5, 9, 29, '劳务合同', '本科', '信息管理与信息系统', '深圳大学', '2017-12-31', '在职', '00000060', 2, '2018-03-31', NULL, '2017-12-31', '2019-12-31', NULL, 1);
INSERT INTO `employee` VALUES (2857, 'javaboy', '男', '1989-12-31', '610122199001011256', '已婚', 1, '陕西', 13, 'laowan@123.com', '18565558897', '深圳市南山区', 5, 9, 29, '劳务合同', '本科', '信息管理与信息系统', '深圳大学', '2017-12-31', '在职', '00000060', 2, '2018-03-31', NULL, '2017-12-31', '2019-12-31', NULL, 1);
INSERT INTO `employee` VALUES (2858, 'javaboy', '男', '1989-12-31', '610122199001011256', '已婚', 1, '陕西', 13, 'laowan@123.com', '18565558897', '深圳市南山区', 5, 9, 29, '劳务合同', '本科', '信息管理与信息系统', '深圳大学', '2017-12-31', '在职', '00000060', 2, '2018-03-31', NULL, '2017-12-31', '2019-12-31', NULL, 1);
INSERT INTO `employee` VALUES (2859, 'javaboy', '男', '1989-12-31', '610122199001011256', '已婚', 1, '陕西', 13, 'laowan@123.com', '18565558897', '深圳市南山区', 5, 9, 29, '劳务合同', '本科', '信息管理与信息系统', '深圳大学', '2017-12-31', '在职', '00000060', 2, '2018-03-31', NULL, '2017-12-31', '2019-12-31', NULL, 1);
INSERT INTO `employee` VALUES (2860, 'javaboy', '男', '1989-12-31', '610122199001011256', '已婚', 1, '陕西', 13, 'laowan@123.com', '18565558897', '深圳市南山区', 5, 9, 29, '劳务合同', '本科', '信息管理与信息系统', '深圳大学', '2017-12-31', '在职', '00000060', 2, '2018-03-31', NULL, '2017-12-31', '2019-12-31', NULL, 1);
INSERT INTO `employee` VALUES (2861, 'javaboy', '男', '1989-12-31', '610122199001011256', '已婚', 1, '陕西', 13, 'laowan@123.com', '18565558897', '深圳市南山区', 5, 9, 29, '劳务合同', '本科', '信息管理与信息系统', '深圳大学', '2017-12-31', '在职', '00000060', 2, '2018-03-31', NULL, '2017-12-31', '2019-12-31', NULL, 1);
INSERT INTO `employee` VALUES (2862, 'javaboy', '男', '1989-12-31', '610122199001011256', '已婚', 1, '陕西', 13, 'laowan@123.com', '18565558897', '深圳市南山区', 5, 9, 29, '劳务合同', '本科', '信息管理与信息系统', '深圳大学', '2017-12-31', '在职', '00000060', 2, '2018-03-31', NULL, '2017-12-31', '2019-12-31', NULL, 1);
INSERT INTO `employee` VALUES (2863, 'javaboy', '男', '1989-12-31', '610122199001011256', '已婚', 1, '陕西', 13, 'laowan@123.com', '18565558897', '深圳市南山区', 5, 9, 29, '劳务合同', '本科', '信息管理与信息系统', '深圳大学', '2017-12-31', '在职', '00000060', 2, '2018-03-31', NULL, '2017-12-31', '2019-12-31', NULL, 1);
INSERT INTO `employee` VALUES (2864, 'javaboy', '男', '1989-12-31', '610122199001011256', '已婚', 1, '陕西', 13, 'laowan@123.com', '18565558897', '深圳市南山区', 5, 9, 29, '劳务合同', '本科', '信息管理与信息系统', '深圳大学', '2017-12-31', '在职', '00000060', 2, '2018-03-31', NULL, '2017-12-31', '2019-12-31', NULL, 1);
INSERT INTO `employee` VALUES (2865, 'javaboy', '男', '1989-12-31', '610122199001011256', '已婚', 1, '陕西', 13, 'laowan@123.com', '18565558897', '深圳市南山区', 5, 9, 29, '劳务合同', '本科', '信息管理与信息系统', '深圳大学', '2017-12-31', '在职', '00000060', 2, '2018-03-31', NULL, '2017-12-31', '2019-12-31', NULL, 1);
INSERT INTO `employee` VALUES (2866, 'javaboy', '男', '1989-12-31', '610122199001011256', '已婚', 1, '陕西', 13, 'laowan@123.com', '18565558897', '深圳市南山区', 5, 9, 29, '劳务合同', '本科', '信息管理与信息系统', '深圳大学', '2017-12-31', '在职', '00000060', 2, '2018-03-31', NULL, '2017-12-31', '2019-12-31', NULL, 1);
INSERT INTO `employee` VALUES (2867, 'javaboy', '男', '1989-12-31', '610122199001011256', '已婚', 1, '陕西', 13, 'laowan@123.com', '18565558897', '深圳市南山区', 5, 9, 29, '劳务合同', '本科', '信息管理与信息系统', '深圳大学', '2017-12-31', '在职', '00000060', 2, '2018-03-31', NULL, '2017-12-31', '2019-12-31', NULL, 1);
INSERT INTO `employee` VALUES (2868, 'javaboy', '男', '1989-12-31', '610122199001011256', '已婚', 1, '陕西', 13, 'laowan@123.com', '18565558897', '深圳市南山区', 5, 9, 29, '劳务合同', '本科', '信息管理与信息系统', '深圳大学', '2017-12-31', '在职', '00000060', 2, '2018-03-31', NULL, '2017-12-31', '2019-12-31', NULL, 1);
INSERT INTO `employee` VALUES (2869, 'javaboy', '男', '1989-12-31', '610122199001011256', '已婚', 1, '陕西', 13, 'laowan@123.com', '18565558897', '深圳市南山区', 5, 9, 29, '劳务合同', '本科', '信息管理与信息系统', '深圳大学', '2017-12-31', '在职', '00000060', 2, '2018-03-31', NULL, '2017-12-31', '2019-12-31', NULL, 1);
INSERT INTO `employee` VALUES (2870, 'javaboy', '男', '1989-12-31', '610122199001011256', '已婚', 1, '陕西', 13, 'laowan@123.com', '18565558897', '深圳市南山区', 5, 9, 29, '劳务合同', '本科', '信息管理与信息系统', '深圳大学', '2017-12-31', '在职', '00000060', 2, '2018-03-31', NULL, '2017-12-31', '2019-12-31', NULL, 1);
INSERT INTO `employee` VALUES (2871, 'javaboy', '男', '1989-12-31', '610122199001011256', '已婚', 1, '陕西', 13, 'laowan@123.com', '18565558897', '深圳市南山区', 5, 9, 29, '劳务合同', '本科', '信息管理与信息系统', '深圳大学', '2017-12-31', '在职', '00000060', 2, '2018-03-31', NULL, '2017-12-31', '2019-12-31', NULL, 1);
INSERT INTO `employee` VALUES (2872, 'javaboy', '男', '1989-12-31', '610122199001011256', '已婚', 1, '陕西', 13, 'laowan@123.com', '18565558897', '深圳市南山区', 5, 9, 29, '劳务合同', '本科', '信息管理与信息系统', '深圳大学', '2017-12-31', '在职', '00000060', 2, '2018-03-31', NULL, '2017-12-31', '2019-12-31', NULL, 1);
INSERT INTO `employee` VALUES (2873, 'javaboy', '男', '1989-12-31', '610122199001011256', '已婚', 1, '陕西', 13, 'laowan@123.com', '18565558897', '深圳市南山区', 5, 9, 29, '劳务合同', '本科', '信息管理与信息系统', '深圳大学', '2017-12-31', '在职', '00000060', 2, '2018-03-31', NULL, '2017-12-31', '2019-12-31', NULL, 1);
INSERT INTO `employee` VALUES (2874, 'javaboy', '男', '1989-12-31', '610122199001011256', '已婚', 1, '陕西', 13, 'laowan@123.com', '18565558897', '深圳市南山区', 5, 9, 29, '劳务合同', '本科', '信息管理与信息系统', '深圳大学', '2017-12-31', '在职', '00000060', 2, '2018-03-31', NULL, '2017-12-31', '2019-12-31', NULL, 1);
INSERT INTO `employee` VALUES (2875, 'javaboy', '男', '1989-12-31', '610122199001011256', '已婚', 1, '陕西', 13, 'laowan@123.com', '18565558897', '深圳市南山区', 5, 9, 29, '劳务合同', '本科', '信息管理与信息系统', '深圳大学', '2017-12-31', '在职', '00000060', 2, '2018-03-31', NULL, '2017-12-31', '2019-12-31', NULL, 1);
INSERT INTO `employee` VALUES (2876, 'javaboy', '男', '1989-12-31', '610122199001011256', '已婚', 1, '陕西', 13, 'laowan@123.com', '18565558897', '深圳市南山区', 5, 9, 29, '劳务合同', '本科', '信息管理与信息系统', '深圳大学', '2017-12-31', '在职', '00000060', 2, '2018-03-31', NULL, '2017-12-31', '2019-12-31', NULL, 1);
INSERT INTO `employee` VALUES (2877, 'javaboy', '男', '1989-12-31', '610122199001011256', '已婚', 1, '陕西', 13, 'laowan@123.com', '18565558897', '深圳市南山区', 5, 9, 29, '劳务合同', '本科', '信息管理与信息系统', '深圳大学', '2017-12-31', '在职', '00000060', 2, '2018-03-31', NULL, '2017-12-31', '2019-12-31', NULL, 1);
INSERT INTO `employee` VALUES (2878, 'javaboy', '男', '1989-12-31', '610122199001011256', '已婚', 1, '陕西', 13, 'laowan@123.com', '18565558897', '深圳市南山区', 5, 9, 29, '劳务合同', '本科', '信息管理与信息系统', '深圳大学', '2017-12-31', '在职', '00000060', 2, '2018-03-31', NULL, '2017-12-31', '2019-12-31', NULL, 1);
INSERT INTO `employee` VALUES (2879, 'javaboy', '男', '1989-12-31', '610122199001011256', '已婚', 1, '陕西', 13, 'laowan@123.com', '18565558897', '深圳市南山区', 5, 9, 29, '劳务合同', '本科', '信息管理与信息系统', '深圳大学', '2017-12-31', '在职', '00000060', 2, '2018-03-31', NULL, '2017-12-31', '2019-12-31', NULL, 1);
INSERT INTO `employee` VALUES (2880, 'javaboy', '男', '1989-12-31', '610122199001011256', '已婚', 1, '陕西', 13, 'laowan@123.com', '18565558897', '深圳市南山区', 5, 9, 29, '劳务合同', '本科', '信息管理与信息系统', '深圳大学', '2017-12-31', '在职', '00000060', 2, '2018-03-31', NULL, '2017-12-31', '2019-12-31', NULL, 1);
INSERT INTO `employee` VALUES (2881, 'javaboy', '男', '1989-12-31', '610122199001011256', '已婚', 1, '陕西', 13, 'laowan@123.com', '18565558897', '深圳市南山区', 5, 9, 29, '劳务合同', '本科', '信息管理与信息系统', '深圳大学', '2017-12-31', '在职', '00000060', 2, '2018-03-31', NULL, '2017-12-31', '2019-12-31', NULL, 1);
INSERT INTO `employee` VALUES (2882, 'javaboy', '男', '1989-12-31', '610122199001011256', '已婚', 1, '陕西', 13, 'laowan@123.com', '18565558897', '深圳市南山区', 5, 9, 29, '劳务合同', '本科', '信息管理与信息系统', '深圳大学', '2017-12-31', '在职', '00000060', 2, '2018-03-31', NULL, '2017-12-31', '2019-12-31', NULL, 1);
INSERT INTO `employee` VALUES (2883, 'javaboy', '男', '1989-12-31', '610122199001011256', '已婚', 1, '陕西', 13, 'laowan@123.com', '18565558897', '深圳市南山区', 5, 9, 29, '劳务合同', '本科', '信息管理与信息系统', '深圳大学', '2017-12-31', '在职', '00000060', 2, '2018-03-31', NULL, '2017-12-31', '2019-12-31', NULL, 1);
INSERT INTO `employee` VALUES (2884, 'javaboy', '男', '1989-12-31', '610122199001011256', '已婚', 1, '陕西', 13, 'laowan@123.com', '18565558897', '深圳市南山区', 5, 9, 29, '劳务合同', '本科', '信息管理与信息系统', '深圳大学', '2017-12-31', '在职', '00000060', 2, '2018-03-31', NULL, '2017-12-31', '2019-12-31', NULL, 1);
INSERT INTO `employee` VALUES (2885, 'javaboy', '男', '1989-12-31', '610122199001011256', '已婚', 1, '陕西', 13, 'laowan@123.com', '18565558897', '深圳市南山区', 5, 9, 29, '劳务合同', '本科', '信息管理与信息系统', '深圳大学', '2017-12-31', '在职', '00000060', 2, '2018-03-31', NULL, '2017-12-31', '2019-12-31', NULL, 1);
INSERT INTO `employee` VALUES (2886, 'javaboy', '男', '1989-12-31', '610122199001011256', '已婚', 1, '陕西', 13, 'laowan@123.com', '18565558897', '深圳市南山区', 5, 9, 29, '劳务合同', '本科', '信息管理与信息系统', '深圳大学', '2017-12-31', '在职', '00000060', 2, '2018-03-31', NULL, '2017-12-31', '2019-12-31', NULL, 1);
INSERT INTO `employee` VALUES (2887, 'javaboy', '男', '1989-12-31', '610122199001011256', '已婚', 1, '陕西', 13, 'laowan@123.com', '18565558897', '深圳市南山区', 5, 9, 29, '劳务合同', '本科', '信息管理与信息系统', '深圳大学', '2017-12-31', '在职', '00000060', 2, '2018-03-31', NULL, '2017-12-31', '2019-12-31', NULL, 1);
INSERT INTO `employee` VALUES (2888, 'javaboy', '男', '1989-12-31', '610122199001011256', '已婚', 1, '陕西', 13, 'laowan@123.com', '18565558897', '深圳市南山区', 5, 9, 29, '劳务合同', '本科', '信息管理与信息系统', '深圳大学', '2017-12-31', '在职', '00000060', 2, '2018-03-31', NULL, '2017-12-31', '2019-12-31', NULL, 1);
INSERT INTO `employee` VALUES (2889, 'javaboy', '男', '1989-12-31', '610122199001011256', '已婚', 1, '陕西', 13, 'laowan@123.com', '18565558897', '深圳市南山区', 5, 9, 29, '劳务合同', '本科', '信息管理与信息系统', '深圳大学', '2017-12-31', '在职', '00000060', 2, '2018-03-31', NULL, '2017-12-31', '2019-12-31', NULL, 1);
INSERT INTO `employee` VALUES (2890, 'javaboy', '男', '1989-12-31', '610122199001011256', '已婚', 1, '陕西', 13, 'laowan@123.com', '18565558897', '深圳市南山区', 5, 9, 29, '劳务合同', '本科', '信息管理与信息系统', '深圳大学', '2017-12-31', '在职', '00000060', 2, '2018-03-31', NULL, '2017-12-31', '2019-12-31', NULL, 1);
INSERT INTO `employee` VALUES (2891, 'javaboy', '男', '1989-12-31', '610122199001011256', '已婚', 1, '陕西', 13, 'laowan@123.com', '18565558897', '深圳市南山区', 5, 9, 29, '劳务合同', '本科', '信息管理与信息系统', '深圳大学', '2017-12-31', '在职', '00000060', 2, '2018-03-31', NULL, '2017-12-31', '2019-12-31', NULL, 1);
INSERT INTO `employee` VALUES (2892, 'javaboy', '男', '1989-12-31', '610122199001011256', '已婚', 1, '陕西', 13, 'laowan@123.com', '18565558897', '深圳市南山区', 5, 9, 29, '劳务合同', '本科', '信息管理与信息系统', '深圳大学', '2017-12-31', '在职', '00000060', 2, '2018-03-31', NULL, '2017-12-31', '2019-12-31', NULL, 1);
INSERT INTO `employee` VALUES (2893, 'javaboy', '男', '1989-12-31', '610122199001011256', '已婚', 1, '陕西', 13, 'laowan@123.com', '18565558897', '深圳市南山区', 5, 9, 29, '劳务合同', '本科', '信息管理与信息系统', '深圳大学', '2017-12-31', '在职', '00000060', 2, '2018-03-31', NULL, '2017-12-31', '2019-12-31', NULL, 1);
INSERT INTO `employee` VALUES (2894, 'javaboy', '男', '1989-12-31', '610122199001011256', '已婚', 1, '陕西', 13, 'laowan@123.com', '18565558897', '深圳市南山区', 5, 9, 29, '劳务合同', '本科', '信息管理与信息系统', '深圳大学', '2017-12-31', '在职', '00000060', 2, '2018-03-31', NULL, '2017-12-31', '2019-12-31', NULL, 1);
INSERT INTO `employee` VALUES (2895, 'javaboy', '男', '1989-12-31', '610122199001011256', '已婚', 1, '陕西', 13, 'laowan@123.com', '18565558897', '深圳市南山区', 5, 9, 29, '劳务合同', '本科', '信息管理与信息系统', '深圳大学', '2017-12-31', '在职', '00000060', 2, '2018-03-31', NULL, '2017-12-31', '2019-12-31', NULL, 1);
INSERT INTO `employee` VALUES (2896, 'javaboy', '男', '1989-12-31', '610122199001011256', '已婚', 1, '陕西', 13, 'laowan@123.com', '18565558897', '深圳市南山区', 5, 9, 29, '劳务合同', '本科', '信息管理与信息系统', '深圳大学', '2017-12-31', '在职', '00000060', 2, '2018-03-31', NULL, '2017-12-31', '2019-12-31', NULL, 1);
INSERT INTO `employee` VALUES (2897, 'javaboy', '男', '1989-12-31', '610122199001011256', '已婚', 1, '陕西', 13, 'laowan@123.com', '18565558897', '深圳市南山区', 5, 9, 29, '劳务合同', '本科', '信息管理与信息系统', '深圳大学', '2017-12-31', '在职', '00000060', 2, '2018-03-31', NULL, '2017-12-31', '2019-12-31', NULL, 1);
INSERT INTO `employee` VALUES (2898, 'javaboy', '男', '1989-12-31', '610122199001011256', '已婚', 1, '陕西', 13, 'laowan@123.com', '18565558897', '深圳市南山区', 5, 9, 29, '劳务合同', '本科', '信息管理与信息系统', '深圳大学', '2017-12-31', '在职', '00000060', 2, '2018-03-31', NULL, '2017-12-31', '2019-12-31', NULL, 1);
INSERT INTO `employee` VALUES (2899, 'javaboy', '男', '1989-12-31', '610122199001011256', '已婚', 1, '陕西', 13, 'laowan@123.com', '18565558897', '深圳市南山区', 5, 9, 29, '劳务合同', '本科', '信息管理与信息系统', '深圳大学', '2017-12-31', '在职', '00000060', 2, '2018-03-31', NULL, '2017-12-31', '2019-12-31', NULL, 1);
INSERT INTO `employee` VALUES (2900, 'javaboy', '男', '1989-12-31', '610122199001011256', '已婚', 1, '陕西', 13, 'laowan@123.com', '18565558897', '深圳市南山区', 5, 9, 29, '劳务合同', '本科', '信息管理与信息系统', '深圳大学', '2017-12-31', '在职', '00000060', 2, '2018-03-31', NULL, '2017-12-31', '2019-12-31', NULL, 1);
INSERT INTO `employee` VALUES (2901, 'javaboy', '男', '1989-12-31', '610122199001011256', '已婚', 1, '陕西', 13, 'laowan@123.com', '18565558897', '深圳市南山区', 5, 9, 29, '劳务合同', '本科', '信息管理与信息系统', '深圳大学', '2017-12-31', '在职', '00000060', 2, '2018-03-31', NULL, '2017-12-31', '2019-12-31', NULL, 1);
INSERT INTO `employee` VALUES (2902, 'javaboy', '男', '1989-12-31', '610122199001011256', '已婚', 1, '陕西', 13, 'laowan@123.com', '18565558897', '深圳市南山区', 5, 9, 29, '劳务合同', '本科', '信息管理与信息系统', '深圳大学', '2017-12-31', '在职', '00000060', 2, '2018-03-31', NULL, '2017-12-31', '2019-12-31', NULL, 1);
INSERT INTO `employee` VALUES (2903, 'javaboy', '男', '1989-12-31', '610122199001011256', '已婚', 1, '陕西', 13, 'laowan@123.com', '18565558897', '深圳市南山区', 5, 9, 29, '劳务合同', '本科', '信息管理与信息系统', '深圳大学', '2017-12-31', '在职', '00000060', 2, '2018-03-31', NULL, '2017-12-31', '2019-12-31', NULL, 1);
INSERT INTO `employee` VALUES (2904, 'javaboy', '男', '1989-12-31', '610122199001011256', '已婚', 1, '陕西', 13, 'laowan@123.com', '18565558897', '深圳市南山区', 5, 9, 29, '劳务合同', '本科', '信息管理与信息系统', '深圳大学', '2017-12-31', '在职', '00000060', 2, '2018-03-31', NULL, '2017-12-31', '2019-12-31', NULL, 1);
INSERT INTO `employee` VALUES (2905, 'javaboy', '男', '1989-12-31', '610122199001011256', '已婚', 1, '陕西', 13, 'laowan@123.com', '18565558897', '深圳市南山区', 5, 9, 29, '劳务合同', '本科', '信息管理与信息系统', '深圳大学', '2017-12-31', '在职', '00000060', 2, '2018-03-31', NULL, '2017-12-31', '2019-12-31', NULL, 1);
INSERT INTO `employee` VALUES (2906, 'javaboy', '男', '1989-12-31', '610122199001011256', '已婚', 1, '陕西', 13, 'laowan@123.com', '18565558897', '深圳市南山区', 5, 9, 29, '劳务合同', '本科', '信息管理与信息系统', '深圳大学', '2017-12-31', '在职', '00000060', 2, '2018-03-31', NULL, '2017-12-31', '2019-12-31', NULL, 1);
INSERT INTO `employee` VALUES (2907, 'javaboy', '男', '1989-12-31', '610122199001011256', '已婚', 1, '陕西', 13, 'laowan@123.com', '18565558897', '深圳市南山区', 5, 9, 29, '劳务合同', '本科', '信息管理与信息系统', '深圳大学', '2017-12-31', '在职', '00000060', 2, '2018-03-31', NULL, '2017-12-31', '2019-12-31', NULL, 1);
INSERT INTO `employee` VALUES (2908, 'javaboy', '男', '1989-12-31', '610122199001011256', '已婚', 1, '陕西', 13, 'laowan@123.com', '18565558897', '深圳市南山区', 5, 9, 29, '劳务合同', '本科', '信息管理与信息系统', '深圳大学', '2017-12-31', '在职', '00000060', 2, '2018-03-31', NULL, '2017-12-31', '2019-12-31', NULL, 1);
INSERT INTO `employee` VALUES (2909, 'javaboy', '男', '1989-12-31', '610122199001011256', '已婚', 1, '陕西', 13, 'laowan@123.com', '18565558897', '深圳市南山区', 5, 9, 29, '劳务合同', '本科', '信息管理与信息系统', '深圳大学', '2017-12-31', '在职', '00000060', 2, '2018-03-31', NULL, '2017-12-31', '2019-12-31', NULL, 1);
INSERT INTO `employee` VALUES (2910, 'javaboy', '男', '1989-12-31', '610122199001011256', '已婚', 1, '陕西', 13, 'laowan@123.com', '18565558897', '深圳市南山区', 5, 9, 29, '劳务合同', '本科', '信息管理与信息系统', '深圳大学', '2017-12-31', '在职', '00000060', 2, '2018-03-31', NULL, '2017-12-31', '2019-12-31', NULL, 1);
INSERT INTO `employee` VALUES (2911, 'javaboy', '男', '1989-12-31', '610122199001011256', '已婚', 1, '陕西', 13, 'laowan@123.com', '18565558897', '深圳市南山区', 5, 9, 29, '劳务合同', '本科', '信息管理与信息系统', '深圳大学', '2017-12-31', '在职', '00000060', 2, '2018-03-31', NULL, '2017-12-31', '2019-12-31', NULL, 1);
INSERT INTO `employee` VALUES (2912, 'javaboy', '男', '1989-12-31', '610122199001011256', '已婚', 1, '陕西', 13, 'laowan@123.com', '18565558897', '深圳市南山区', 5, 9, 29, '劳务合同', '本科', '信息管理与信息系统', '深圳大学', '2017-12-31', '在职', '00000060', 2, '2018-03-31', NULL, '2017-12-31', '2019-12-31', NULL, 1);
INSERT INTO `employee` VALUES (2913, 'javaboy', '男', '1989-12-31', '610122199001011256', '已婚', 1, '陕西', 13, 'laowan@123.com', '18565558897', '深圳市南山区', 5, 9, 29, '劳务合同', '本科', '信息管理与信息系统', '深圳大学', '2017-12-31', '在职', '00000060', 2, '2018-03-31', NULL, '2017-12-31', '2019-12-31', NULL, 1);
INSERT INTO `employee` VALUES (2914, 'javaboy', '男', '1989-12-31', '610122199001011256', '已婚', 1, '陕西', 13, 'laowan@123.com', '18565558897', '深圳市南山区', 5, 9, 29, '劳务合同', '本科', '信息管理与信息系统', '深圳大学', '2017-12-31', '在职', '00000060', 2, '2018-03-31', NULL, '2017-12-31', '2019-12-31', NULL, 1);
INSERT INTO `employee` VALUES (2915, 'javaboy', '男', '1989-12-31', '610122199001011256', '已婚', 1, '陕西', 13, 'laowan@123.com', '18565558897', '深圳市南山区', 5, 9, 29, '劳务合同', '本科', '信息管理与信息系统', '深圳大学', '2017-12-31', '在职', '00000060', 2, '2018-03-31', NULL, '2017-12-31', '2019-12-31', NULL, 1);
INSERT INTO `employee` VALUES (2916, 'javaboy', '男', '1989-12-31', '610122199001011256', '已婚', 1, '陕西', 13, 'laowan@123.com', '18565558897', '深圳市南山区', 5, 9, 29, '劳务合同', '本科', '信息管理与信息系统', '深圳大学', '2017-12-31', '在职', '00000060', 2, '2018-03-31', NULL, '2017-12-31', '2019-12-31', NULL, 1);
INSERT INTO `employee` VALUES (2917, 'javaboy', '男', '1989-12-31', '610122199001011256', '已婚', 1, '陕西', 13, 'laowan@123.com', '18565558897', '深圳市南山区', 5, 9, 29, '劳务合同', '本科', '信息管理与信息系统', '深圳大学', '2017-12-31', '在职', '00000060', 2, '2018-03-31', NULL, '2017-12-31', '2019-12-31', NULL, 1);
INSERT INTO `employee` VALUES (2918, 'javaboy', '男', '1989-12-31', '610122199001011256', '已婚', 1, '陕西', 13, 'laowan@123.com', '18565558897', '深圳市南山区', 5, 9, 29, '劳务合同', '本科', '信息管理与信息系统', '深圳大学', '2017-12-31', '在职', '00000060', 2, '2018-03-31', NULL, '2017-12-31', '2019-12-31', NULL, 1);
INSERT INTO `employee` VALUES (2919, 'javaboy', '男', '1989-12-31', '610122199001011256', '已婚', 1, '陕西', 13, 'laowan@123.com', '18565558897', '深圳市南山区', 5, 9, 29, '劳务合同', '本科', '信息管理与信息系统', '深圳大学', '2017-12-31', '在职', '00000060', 2, '2018-03-31', NULL, '2017-12-31', '2019-12-31', NULL, 1);
INSERT INTO `employee` VALUES (2920, 'javaboy', '男', '1989-12-31', '610122199001011256', '已婚', 1, '陕西', 13, 'laowan@123.com', '18565558897', '深圳市南山区', 5, 9, 29, '劳务合同', '本科', '信息管理与信息系统', '深圳大学', '2017-12-31', '在职', '00000060', 2, '2018-03-31', NULL, '2017-12-31', '2019-12-31', NULL, 1);
INSERT INTO `employee` VALUES (2921, 'javaboy', '男', '1989-12-31', '610122199001011256', '已婚', 1, '陕西', 13, 'laowan@123.com', '18565558897', '深圳市南山区', 5, 9, 29, '劳务合同', '本科', '信息管理与信息系统', '深圳大学', '2017-12-31', '在职', '00000060', 2, '2018-03-31', NULL, '2017-12-31', '2019-12-31', NULL, 1);
INSERT INTO `employee` VALUES (2922, 'javaboy', '男', '1989-12-31', '610122199001011256', '已婚', 1, '陕西', 13, 'laowan@123.com', '18565558897', '深圳市南山区', 5, 9, 29, '劳务合同', '本科', '信息管理与信息系统', '深圳大学', '2017-12-31', '在职', '00000060', 2, '2018-03-31', NULL, '2017-12-31', '2019-12-31', NULL, 1);
INSERT INTO `employee` VALUES (2923, 'javaboy', '男', '1989-12-31', '610122199001011256', '已婚', 1, '陕西', 13, 'laowan@123.com', '18565558897', '深圳市南山区', 5, 9, 29, '劳务合同', '本科', '信息管理与信息系统', '深圳大学', '2017-12-31', '在职', '00000060', 2, '2018-03-31', NULL, '2017-12-31', '2019-12-31', NULL, 1);
INSERT INTO `employee` VALUES (2924, 'javaboy', '男', '1989-12-31', '610122199001011256', '已婚', 1, '陕西', 13, 'laowan@123.com', '18565558897', '深圳市南山区', 5, 9, 29, '劳务合同', '本科', '信息管理与信息系统', '深圳大学', '2017-12-31', '在职', '00000060', 2, '2018-03-31', NULL, '2017-12-31', '2019-12-31', NULL, 1);
INSERT INTO `employee` VALUES (2925, 'javaboy', '男', '1989-12-31', '610122199001011256', '已婚', 1, '陕西', 13, 'laowan@123.com', '18565558897', '深圳市南山区', 5, 9, 29, '劳务合同', '本科', '信息管理与信息系统', '深圳大学', '2017-12-31', '在职', '00000060', 2, '2018-03-31', NULL, '2017-12-31', '2019-12-31', NULL, 1);
INSERT INTO `employee` VALUES (2926, 'javaboy', '男', '1989-12-31', '610122199001011256', '已婚', 1, '陕西', 13, 'laowan@123.com', '18565558897', '深圳市南山区', 5, 9, 29, '劳务合同', '本科', '信息管理与信息系统', '深圳大学', '2017-12-31', '在职', '00000060', 2, '2018-03-31', NULL, '2017-12-31', '2019-12-31', NULL, 1);
INSERT INTO `employee` VALUES (2927, 'javaboy', '男', '1989-12-31', '610122199001011256', '已婚', 1, '陕西', 13, 'laowan@123.com', '18565558897', '深圳市南山区', 5, 9, 29, '劳务合同', '本科', '信息管理与信息系统', '深圳大学', '2017-12-31', '在职', '00000060', 2, '2018-03-31', NULL, '2017-12-31', '2019-12-31', NULL, 1);
INSERT INTO `employee` VALUES (2928, 'javaboy', '男', '1989-12-31', '610122199001011256', '已婚', 1, '陕西', 13, 'laowan@123.com', '18565558897', '深圳市南山区', 5, 9, 29, '劳务合同', '本科', '信息管理与信息系统', '深圳大学', '2017-12-31', '在职', '00000060', 2, '2018-03-31', NULL, '2017-12-31', '2019-12-31', NULL, 1);
INSERT INTO `employee` VALUES (2929, 'javaboy', '男', '1989-12-31', '610122199001011256', '已婚', 1, '陕西', 13, 'laowan@123.com', '18565558897', '深圳市南山区', 5, 9, 29, '劳务合同', '本科', '信息管理与信息系统', '深圳大学', '2017-12-31', '在职', '00000060', 2, '2018-03-31', NULL, '2017-12-31', '2019-12-31', NULL, 1);
INSERT INTO `employee` VALUES (2930, 'javaboy', '男', '1989-12-31', '610122199001011256', '已婚', 1, '陕西', 13, 'laowan@123.com', '18565558897', '深圳市南山区', 5, 9, 29, '劳务合同', '本科', '信息管理与信息系统', '深圳大学', '2017-12-31', '在职', '00000060', 2, '2018-03-31', NULL, '2017-12-31', '2019-12-31', NULL, 1);
INSERT INTO `employee` VALUES (2931, 'javaboy', '男', '1989-12-31', '610122199001011256', '已婚', 1, '陕西', 13, 'laowan@123.com', '18565558897', '深圳市南山区', 5, 9, 29, '劳务合同', '本科', '信息管理与信息系统', '深圳大学', '2017-12-31', '在职', '00000060', 2, '2018-03-31', NULL, '2017-12-31', '2019-12-31', NULL, 1);
INSERT INTO `employee` VALUES (2932, 'javaboy', '男', '1989-12-31', '610122199001011256', '已婚', 1, '陕西', 13, 'laowan@123.com', '18565558897', '深圳市南山区', 5, 9, 29, '劳务合同', '本科', '信息管理与信息系统', '深圳大学', '2017-12-31', '在职', '00000060', 2, '2018-03-31', NULL, '2017-12-31', '2019-12-31', NULL, 1);
INSERT INTO `employee` VALUES (2933, 'javaboy', '男', '1989-12-31', '610122199001011256', '已婚', 1, '陕西', 13, 'laowan@123.com', '18565558897', '深圳市南山区', 5, 9, 29, '劳务合同', '本科', '信息管理与信息系统', '深圳大学', '2017-12-31', '在职', '00000060', 2, '2018-03-31', NULL, '2017-12-31', '2019-12-31', NULL, 1);
INSERT INTO `employee` VALUES (2934, 'javaboy', '男', '1989-12-31', '610122199001011256', '已婚', 1, '陕西', 13, 'laowan@123.com', '18565558897', '深圳市南山区', 5, 9, 29, '劳务合同', '本科', '信息管理与信息系统', '深圳大学', '2017-12-31', '在职', '00000060', 2, '2018-03-31', NULL, '2017-12-31', '2019-12-31', NULL, 1);
INSERT INTO `employee` VALUES (2935, 'javaboy', '男', '1989-12-31', '610122199001011256', '已婚', 1, '陕西', 13, 'laowan@123.com', '18565558897', '深圳市南山区', 5, 9, 29, '劳务合同', '本科', '信息管理与信息系统', '深圳大学', '2017-12-31', '在职', '00000060', 2, '2018-03-31', NULL, '2017-12-31', '2019-12-31', NULL, 1);
INSERT INTO `employee` VALUES (2936, 'javaboy', '男', '1989-12-31', '610122199001011256', '已婚', 1, '陕西', 13, 'laowan@123.com', '18565558897', '深圳市南山区', 5, 9, 29, '劳务合同', '本科', '信息管理与信息系统', '深圳大学', '2017-12-31', '在职', '00000060', 2, '2018-03-31', NULL, '2017-12-31', '2019-12-31', NULL, 1);
INSERT INTO `employee` VALUES (2937, 'javaboy', '男', '1989-12-31', '610122199001011256', '已婚', 1, '陕西', 13, 'laowan@123.com', '18565558897', '深圳市南山区', 5, 9, 29, '劳务合同', '本科', '信息管理与信息系统', '深圳大学', '2017-12-31', '在职', '00000060', 2, '2018-03-31', NULL, '2017-12-31', '2019-12-31', NULL, 1);
INSERT INTO `employee` VALUES (2938, 'javaboy', '男', '1989-12-31', '610122199001011256', '已婚', 1, '陕西', 13, 'laowan@123.com', '18565558897', '深圳市南山区', 5, 9, 29, '劳务合同', '本科', '信息管理与信息系统', '深圳大学', '2017-12-31', '在职', '00000060', 2, '2018-03-31', NULL, '2017-12-31', '2019-12-31', NULL, 1);
INSERT INTO `employee` VALUES (2939, 'javaboy', '男', '1989-12-31', '610122199001011256', '已婚', 1, '陕西', 13, 'laowan@123.com', '18565558897', '深圳市南山区', 5, 9, 29, '劳务合同', '本科', '信息管理与信息系统', '深圳大学', '2017-12-31', '在职', '00000060', 2, '2018-03-31', NULL, '2017-12-31', '2019-12-31', NULL, 1);
INSERT INTO `employee` VALUES (2940, 'javaboy', '男', '1989-12-31', '610122199001011256', '已婚', 1, '陕西', 13, 'laowan@123.com', '18565558897', '深圳市南山区', 5, 9, 29, '劳务合同', '本科', '信息管理与信息系统', '深圳大学', '2017-12-31', '在职', '00000060', 2, '2018-03-31', NULL, '2017-12-31', '2019-12-31', NULL, 1);
INSERT INTO `employee` VALUES (2941, 'javaboy', '男', '1989-12-31', '610122199001011256', '已婚', 1, '陕西', 13, 'laowan@123.com', '18565558897', '深圳市南山区', 5, 9, 29, '劳务合同', '本科', '信息管理与信息系统', '深圳大学', '2017-12-31', '在职', '00000060', 2, '2018-03-31', NULL, '2017-12-31', '2019-12-31', NULL, 1);
INSERT INTO `employee` VALUES (2942, 'javaboy', '男', '1989-12-31', '610122199001011256', '已婚', 1, '陕西', 13, 'laowan@123.com', '18565558897', '深圳市南山区', 5, 9, 29, '劳务合同', '本科', '信息管理与信息系统', '深圳大学', '2017-12-31', '在职', '00000060', 2, '2018-03-31', NULL, '2017-12-31', '2019-12-31', NULL, 1);
INSERT INTO `employee` VALUES (2943, 'javaboy', '男', '1989-12-31', '610122199001011256', '已婚', 1, '陕西', 13, 'laowan@123.com', '18565558897', '深圳市南山区', 5, 9, 29, '劳务合同', '本科', '信息管理与信息系统', '深圳大学', '2017-12-31', '在职', '00000060', 2, '2018-03-31', NULL, '2017-12-31', '2019-12-31', NULL, 1);
INSERT INTO `employee` VALUES (2944, 'javaboy', '男', '1989-12-31', '610122199001011256', '已婚', 1, '陕西', 13, 'laowan@123.com', '18565558897', '深圳市南山区', 5, 9, 29, '劳务合同', '本科', '信息管理与信息系统', '深圳大学', '2017-12-31', '在职', '00000060', 2, '2018-03-31', NULL, '2017-12-31', '2019-12-31', NULL, 1);
INSERT INTO `employee` VALUES (2945, 'javaboy', '男', '1989-12-31', '610122199001011256', '已婚', 1, '陕西', 13, 'laowan@123.com', '18565558897', '深圳市南山区', 5, 9, 29, '劳务合同', '本科', '信息管理与信息系统', '深圳大学', '2017-12-31', '在职', '00000060', 2, '2018-03-31', NULL, '2017-12-31', '2019-12-31', NULL, 1);
INSERT INTO `employee` VALUES (2946, 'javaboy', '男', '1989-12-31', '610122199001011256', '已婚', 1, '陕西', 13, 'laowan@123.com', '18565558897', '深圳市南山区', 5, 9, 29, '劳务合同', '本科', '信息管理与信息系统', '深圳大学', '2017-12-31', '在职', '00000060', 2, '2018-03-31', NULL, '2017-12-31', '2019-12-31', NULL, 1);
INSERT INTO `employee` VALUES (2947, 'javaboy', '男', '1989-12-31', '610122199001011256', '已婚', 1, '陕西', 13, 'laowan@123.com', '18565558897', '深圳市南山区', 5, 9, 29, '劳务合同', '本科', '信息管理与信息系统', '深圳大学', '2017-12-31', '在职', '00000060', 2, '2018-03-31', NULL, '2017-12-31', '2019-12-31', NULL, 1);
INSERT INTO `employee` VALUES (2948, 'javaboy', '男', '1989-12-31', '610122199001011256', '已婚', 1, '陕西', 13, 'laowan@123.com', '18565558897', '深圳市南山区', 5, 9, 29, '劳务合同', '本科', '信息管理与信息系统', '深圳大学', '2017-12-31', '在职', '00000060', 2, '2018-03-31', NULL, '2017-12-31', '2019-12-31', NULL, 1);
INSERT INTO `employee` VALUES (2949, '陈静2', '女', '1989-02-01', '421288198902011234', '已婚', 1, '海南', 1, 'chenjing@qq.com', '18795556693', '海南省海口市美兰区', 82, 12, 30, '劳动合同', '高中', '市场营销', '武汉大学', '2015-06-09', '在职', '00000012', 3, '2015-09-10', NULL, '2015-06-09', '2018-06-08', NULL, 1);
INSERT INTO `employee` VALUES (2950, '陈静2', '女', '1989-02-01', '421288198902011234', '已婚', 1, '海南', 1, 'chenjing@qq.com', '18795556693', '海南省海口市美兰区', 82, 12, 30, '劳动合同', '高中', '市场营销', '武汉大学', '2015-06-09', '在职', '00000012', 3, '2015-09-10', NULL, '2015-06-09', '2018-06-08', NULL, 1);
INSERT INTO `employee` VALUES (2951, '陈静2', '女', '1989-02-01', '421288198902011234', '已婚', 1, '海南', 1, 'chenjing@qq.com', '18795556693', '海南省海口市美兰区', 82, 12, 30, '劳动合同', '高中', '市场营销', '武汉大学', '2015-06-09', '在职', '00000012', 3, '2015-09-10', NULL, '2015-06-09', '2018-06-08', NULL, 1);
INSERT INTO `employee` VALUES (2952, '陈静2', '女', '1989-02-01', '421288198902011234', '已婚', 1, '海南', 1, 'chenjing@qq.com', '18795556693', '海南省海口市美兰区', 82, 12, 30, '劳动合同', '高中', '市场营销', '武汉大学', '2015-06-09', '在职', '00000012', 3, '2015-09-10', NULL, '2015-06-09', '2018-06-08', NULL, 1);
INSERT INTO `employee` VALUES (2953, '陈静2', '女', '1989-02-01', '421288198902011234', '已婚', 1, '海南', 1, 'chenjing@qq.com', '18795556693', '海南省海口市美兰区', 82, 12, 30, '劳动合同', '高中', '市场营销', '武汉大学', '2015-06-09', '在职', '00000012', 3, '2015-09-10', NULL, '2015-06-09', '2018-06-08', NULL, 1);
INSERT INTO `employee` VALUES (2954, '陈静2', '女', '1989-02-01', '421288198902011234', '已婚', 1, '海南', 1, 'chenjing@qq.com', '18795556693', '海南省海口市美兰区', 82, 12, 30, '劳动合同', '高中', '市场营销', '武汉大学', '2015-06-09', '在职', '00000012', 3, '2015-09-10', NULL, '2015-06-09', '2018-06-08', NULL, 1);
INSERT INTO `employee` VALUES (2955, '陈静2', '女', '1989-02-01', '421288198902011234', '已婚', 1, '海南', 1, 'chenjing@qq.com', '18795556693', '海南省海口市美兰区', 82, 12, 30, '劳动合同', '高中', '市场营销', '武汉大学', '2015-06-09', '在职', '00000012', 3, '2015-09-10', NULL, '2015-06-09', '2018-06-08', NULL, 1);
INSERT INTO `employee` VALUES (2956, '陈静2', '女', '1989-02-01', '421288198902011234', '已婚', 1, '海南', 1, 'chenjing@qq.com', '18795556693', '海南省海口市美兰区', 82, 12, 30, '劳动合同', '高中', '市场营销', '武汉大学', '2015-06-09', '在职', '00000012', 3, '2015-09-10', NULL, '2015-06-09', '2018-06-08', NULL, 1);
INSERT INTO `employee` VALUES (2957, '陈静2', '女', '1989-02-01', '421288198902011234', '已婚', 1, '海南', 1, 'chenjing@qq.com', '18795556693', '海南省海口市美兰区', 82, 12, 30, '劳动合同', '高中', '市场营销', '武汉大学', '2015-06-09', '在职', '00000012', 3, '2015-09-10', NULL, '2015-06-09', '2018-06-08', NULL, 1);
INSERT INTO `employee` VALUES (2958, '陈静2', '女', '1989-02-01', '421288198902011234', '已婚', 1, '海南', 1, 'chenjing@qq.com', '18795556693', '海南省海口市美兰区', 82, 12, 30, '劳动合同', '高中', '市场营销', '武汉大学', '2015-06-09', '在职', '00000012', 3, '2015-09-10', NULL, '2015-06-09', '2018-06-08', NULL, 1);
INSERT INTO `employee` VALUES (2959, '陈静2', '女', '1989-02-01', '421288198902011234', '已婚', 1, '海南', 1, 'chenjing@qq.com', '18795556693', '海南省海口市美兰区', 82, 12, 30, '劳动合同', '高中', '市场营销', '武汉大学', '2015-06-09', '在职', '00000012', 3, '2015-09-10', NULL, '2015-06-09', '2018-06-08', NULL, 1);
INSERT INTO `employee` VALUES (2960, '陈静2', '女', '1989-02-01', '421288198902011234', '已婚', 1, '海南', 1, 'chenjing@qq.com', '18795556693', '海南省海口市美兰区', 82, 12, 30, '劳动合同', '高中', '市场营销', '武汉大学', '2015-06-09', '在职', '00000012', 3, '2015-09-10', NULL, '2015-06-09', '2018-06-08', NULL, 1);
INSERT INTO `employee` VALUES (2961, '陈静2', '女', '1989-02-01', '421288198902011234', '已婚', 1, '海南', 1, 'chenjing@qq.com', '18795556693', '海南省海口市美兰区', 82, 12, 30, '劳动合同', '高中', '市场营销', '武汉大学', '2015-06-09', '在职', '00000012', 3, '2015-09-10', NULL, '2015-06-09', '2018-06-08', NULL, 1);
INSERT INTO `employee` VALUES (2962, '陈静2', '女', '1989-02-01', '421288198902011234', '已婚', 1, '海南', 1, 'chenjing@qq.com', '18795556693', '海南省海口市美兰区', 82, 12, 30, '劳动合同', '高中', '市场营销', '武汉大学', '2015-06-09', '在职', '00000012', 3, '2015-09-10', NULL, '2015-06-09', '2018-06-08', NULL, 1);
INSERT INTO `employee` VALUES (2963, '陈静2', '女', '1989-02-01', '421288198902011234', '已婚', 1, '海南', 1, 'chenjing@qq.com', '18795556693', '海南省海口市美兰区', 82, 12, 30, '劳动合同', '高中', '市场营销', '武汉大学', '2015-06-09', '在职', '00000012', 3, '2015-09-10', NULL, '2015-06-09', '2018-06-08', NULL, 1);
INSERT INTO `employee` VALUES (2964, '陈静2', '女', '1989-02-01', '421288198902011234', '已婚', 1, '海南', 1, 'chenjing@qq.com', '18795556693', '海南省海口市美兰区', 82, 12, 30, '劳动合同', '高中', '市场营销', '武汉大学', '2015-06-09', '在职', '00000012', 3, '2015-09-10', NULL, '2015-06-09', '2018-06-08', NULL, 1);
INSERT INTO `employee` VALUES (2965, '陈静2', '女', '1989-02-01', '421288198902011234', '已婚', 1, '海南', 1, 'chenjing@qq.com', '18795556693', '海南省海口市美兰区', 82, 12, 30, '劳动合同', '高中', '市场营销', '武汉大学', '2015-06-09', '在职', '00000012', 3, '2015-09-10', NULL, '2015-06-09', '2018-06-08', NULL, 1);
INSERT INTO `employee` VALUES (2966, '江南一点雨', '男', '1990-01-01', '610122199001011256', '已婚', 1, '陕西', 13, 'laowang@qq.com', '18565558897', '深圳市南山区', 5, 9, 29, '劳务合同', '本科', '信息管理与信息系统', '深圳大学', '2018-01-01', '在职', '00000001', 2, '2018-04-01', NULL, '2018-01-01', '2020-01-01', NULL, 1);
INSERT INTO `employee` VALUES (2967, '琳浩', '男', '1993-03-04', '610122199303041456', '未婚', 1, '陕西', 3, '807867169@qq.com', '15698887795', '陕西省西安市莲湖区', 1, 12, 33, '劳动合同', '博士', '电子工程', '哈尔滨理工大学', '2018-01-01', '在职', '00000068', 3.5, '2018-04-01', NULL, '2018-01-01', '2021-07-14', NULL, 1);

-- ----------------------------
-- Table structure for empsalary
-- ----------------------------
DROP TABLE IF EXISTS `empsalary`;
CREATE TABLE `empsalary`  (
  `id` int(11) NOT NULL AUTO_INCREMENT,
  `eid` int(11) NULL DEFAULT NULL,
  `sid` int(11) NULL DEFAULT NULL,
  PRIMARY KEY (`id`) USING BTREE,
  UNIQUE INDEX `eid`(`eid`) USING BTREE,
  INDEX `empsalary_ibfk_2`(`sid`) USING BTREE,
  CONSTRAINT `empsalary_ibfk_1` FOREIGN KEY (`eid`) REFERENCES `employee` (`id`) ON DELETE RESTRICT ON UPDATE RESTRICT,
  CONSTRAINT `empsalary_ibfk_2` FOREIGN KEY (`sid`) REFERENCES `salary` (`id`) ON DELETE RESTRICT ON UPDATE RESTRICT
) ENGINE = InnoDB AUTO_INCREMENT = 39 CHARACTER SET = utf8 COLLATE = utf8_general_ci ROW_FORMAT = DYNAMIC;

-- ----------------------------
-- Records of empsalary
-- ----------------------------
INSERT INTO `empsalary` VALUES (6, 4, 10);
INSERT INTO `empsalary` VALUES (10, 5, 9);
INSERT INTO `empsalary` VALUES (11, 6, 13);
INSERT INTO `empsalary` VALUES (12, 7, 13);
INSERT INTO `empsalary` VALUES (14, 8, 10);
INSERT INTO `empsalary` VALUES (15, 9, 10);
INSERT INTO `empsalary` VALUES (20, 10, 13);
INSERT INTO `empsalary` VALUES (21, 11, 9);
INSERT INTO `empsalary` VALUES (22, 3, 13);
INSERT INTO `empsalary` VALUES (24, 2, 9);
INSERT INTO `empsalary` VALUES (25, 1, 13);
INSERT INTO `empsalary` VALUES (26, 33, 10);
INSERT INTO `empsalary` VALUES (28, 34, 9);
INSERT INTO `empsalary` VALUES (29, 44, 10);
INSERT INTO `empsalary` VALUES (30, 45, 10);
INSERT INTO `empsalary` VALUES (31, 43, 10);
INSERT INTO `empsalary` VALUES (32, 47, 10);
INSERT INTO `empsalary` VALUES (33, 52, 13);
INSERT INTO `empsalary` VALUES (34, 53, 10);
INSERT INTO `empsalary` VALUES (35, 54, 10);
INSERT INTO `empsalary` VALUES (36, 56, 10);
INSERT INTO `empsalary` VALUES (38, 21, 9);

-- ----------------------------
-- Table structure for hr
-- ----------------------------
DROP TABLE IF EXISTS `hr`;
CREATE TABLE `hr`  (
  `id` int(11) NOT NULL AUTO_INCREMENT COMMENT 'hrID',
  `name` varchar(32) CHARACTER SET utf8 COLLATE utf8_general_ci NULL DEFAULT NULL COMMENT '姓名',
  `phone` char(11) CHARACTER SET utf8 COLLATE utf8_general_ci NULL DEFAULT NULL COMMENT '手机号码',
  `telephone` varchar(16) CHARACTER SET utf8 COLLATE utf8_general_ci NULL DEFAULT NULL COMMENT '住宅电话',
  `address` varchar(64) CHARACTER SET utf8 COLLATE utf8_general_ci NULL DEFAULT NULL COMMENT '联系地址',
  `enabled` tinyint(1) NULL DEFAULT 1,
  `username` varchar(255) CHARACTER SET utf8 COLLATE utf8_general_ci NULL DEFAULT NULL COMMENT '用户名',
  `password` varchar(255) CHARACTER SET utf8 COLLATE utf8_general_ci NULL DEFAULT NULL COMMENT '密码',
  `userface` varchar(255) CHARACTER SET utf8 COLLATE utf8_general_ci NULL DEFAULT NULL,
  `remark` varchar(255) CHARACTER SET utf8 COLLATE utf8_general_ci NULL DEFAULT NULL,
  `del_flag` tinyint(1) NOT NULL DEFAULT 1 COMMENT '逻辑删除 1未删除; 0删除',
  PRIMARY KEY (`id`) USING BTREE
) ENGINE = InnoDB AUTO_INCREMENT = 14 CHARACTER SET = utf8 COLLATE = utf8_general_ci ROW_FORMAT = DYNAMIC;

-- ----------------------------
-- Records of hr
-- ----------------------------
INSERT INTO `hr` VALUES (3, '系统管理员', '18568887789', '029-82881234', '深圳南山', 1, 'admin', '$2a$10$iFDzsngF/3EC/4XlY/Ntpu/SG/rMh6fA/6xRHzdprkD1NO9OOcAKO', 'https://tse1-mm.cn.bing.net/th/id/OIP-C.S-CzTN5V-cFvUaepWHozbAAAAA?w=210', NULL, 1);
INSERT INTO `hr` VALUES (5, '李白', '18568123489', '029-82123434', '海口美兰', 1, 'libai', '$2a$10$ySG2lkvjFHY5O0./CPIE1OI8VJsuKYEzOYzqIa7AJR6sEgSzUFOAm', 'https://tse4-mm.cn.bing.net/th/id/OIP-C.KahOuGe_dbUyfn3zsafjLAAAAA?w=210&h=210&c=7&r=0&o=5&dpr=1.25&pid=1.7', NULL, 1);
INSERT INTO `hr` VALUES (10, '韩愈', '18568123666', '029-82111555', '广州番禺', 1, 'hanyu', '$2a$10$ySG2lkvjFHY5O0./CPIE1OI8VJsuKYEzOYzqIa7AJR6sEgSzUFOAm', 'https://www.com8.cn/wp-content/uploads/2020/11/20201117074401-5fb37f4153d53.jpg', NULL, 1);
INSERT INTO `hr` VALUES (11, '柳宗元', '18568123377', '029-82111333', '广州天河', 1, 'liuzongyuan', '$2a$10$ySG2lkvjFHY5O0./CPIE1OI8VJsuKYEzOYzqIa7AJR6sEgSzUFOAm', 'https://tse2-mm.cn.bing.net/th/id/OIP-C.r5Bg1EtGapqSKx1z0tpwUwAAAA?w=180&h=180&c=7&r=0&o=5&dpr=1.25&pid=1.7', NULL, 1);
INSERT INTO `hr` VALUES (12, '曾巩', '18568128888', '029-82111222', '广州越秀', 1, 'zenggong', '$2a$10$ySG2lkvjFHY5O0./CPIE1OI8VJsuKYEzOYzqIa7AJR6sEgSzUFOAm', 'https://tse1-mm.cn.bing.net/th/id/OIP-C.TSZ5Rh0bCnIfJrP5iHuCagAAAA?w=168&h=180&c=7&r=0&o=5&dpr=1.25&pid=1.7', NULL, 1);

-- ----------------------------
-- Table structure for hr_role
-- ----------------------------
DROP TABLE IF EXISTS `hr_role`;
CREATE TABLE `hr_role`  (
  `id` int(11) NOT NULL AUTO_INCREMENT,
  `hrid` int(11) NULL DEFAULT NULL,
  `rid` int(11) NULL DEFAULT NULL,
  PRIMARY KEY (`id`) USING BTREE,
  INDEX `rid`(`rid`) USING BTREE,
  INDEX `hr_role_ibfk_1`(`hrid`) USING BTREE,
  CONSTRAINT `hr_role_ibfk_1` FOREIGN KEY (`hrid`) REFERENCES `hr` (`id`) ON DELETE CASCADE ON UPDATE RESTRICT,
  CONSTRAINT `hr_role_ibfk_2` FOREIGN KEY (`rid`) REFERENCES `role` (`id`) ON DELETE RESTRICT ON UPDATE RESTRICT
) ENGINE = InnoDB AUTO_INCREMENT = 121 CHARACTER SET = utf8 COLLATE = utf8_general_ci ROW_FORMAT = DYNAMIC;

-- ----------------------------
-- Records of hr_role
-- ----------------------------
INSERT INTO `hr_role` VALUES (1, 3, 6);
INSERT INTO `hr_role` VALUES (35, 12, 4);
INSERT INTO `hr_role` VALUES (36, 12, 3);
INSERT INTO `hr_role` VALUES (37, 12, 2);
INSERT INTO `hr_role` VALUES (43, 11, 3);
INSERT INTO `hr_role` VALUES (44, 11, 2);
INSERT INTO `hr_role` VALUES (45, 11, 4);
INSERT INTO `hr_role` VALUES (46, 11, 5);
INSERT INTO `hr_role` VALUES (114, 10, 4);
INSERT INTO `hr_role` VALUES (115, 10, 3);
INSERT INTO `hr_role` VALUES (118, 5, 2);
INSERT INTO `hr_role` VALUES (119, 5, 3);
INSERT INTO `hr_role` VALUES (120, 5, 1);

-- ----------------------------
-- Table structure for joblevel
-- ----------------------------
DROP TABLE IF EXISTS `joblevel`;
CREATE TABLE `joblevel`  (
  `id` int(11) NOT NULL AUTO_INCREMENT,
  `name` varchar(32) CHARACTER SET utf8 COLLATE utf8_general_ci NULL DEFAULT NULL COMMENT '职称名称',
  `title_level` enum('正高级','副高级','中级','初级','员级') CHARACTER SET utf8 COLLATE utf8_general_ci NULL DEFAULT NULL,
  `create_date` timestamp(0) NULL DEFAULT CURRENT_TIMESTAMP(0),
  `enabled` tinyint(1) NULL DEFAULT 1,
  `del_flag` tinyint(1) NOT NULL DEFAULT 1 COMMENT '逻辑删除 1未删除; 0删除',
  PRIMARY KEY (`id`) USING BTREE
) ENGINE = InnoDB AUTO_INCREMENT = 19 CHARACTER SET = utf8 COLLATE = utf8_general_ci ROW_FORMAT = DYNAMIC;

-- ----------------------------
-- Records of joblevel
-- ----------------------------
INSERT INTO `joblevel` VALUES (9, '教授', '正高级', '2018-01-11 00:00:00', 1, 1);
INSERT INTO `joblevel` VALUES (10, '副教授', '副高级', '2018-01-11 21:19:20', 1, 1);
INSERT INTO `joblevel` VALUES (12, '助教', '初级', '2018-01-11 21:35:39', 1, 1);
INSERT INTO `joblevel` VALUES (13, '讲师', '中级', '2018-01-11 00:00:00', 0, 1);
INSERT INTO `joblevel` VALUES (14, '初级工程师', '初级', '2018-01-14 00:00:00', 1, 1);
INSERT INTO `joblevel` VALUES (15, '中级工程师66', '中级', '2018-01-14 00:00:00', 1, 1);
INSERT INTO `joblevel` VALUES (16, '高级工程师', '副高级', '2018-01-14 16:19:14', 1, 1);
INSERT INTO `joblevel` VALUES (17, '骨灰级工程师', '正高级', '2018-01-14 16:19:24', 1, 1);
INSERT INTO `joblevel` VALUES (18, 'aa', '正高级', '2020-12-03 00:00:00', 1, 1);

-- ----------------------------
-- Table structure for mail_send_log
-- ----------------------------
DROP TABLE IF EXISTS `mail_send_log`;
CREATE TABLE `mail_send_log`  (
  `msgId` varchar(255) CHARACTER SET utf8mb4 COLLATE utf8mb4_general_ci NULL DEFAULT NULL,
  `empId` int(11) NULL DEFAULT NULL,
  `status` int(11) NULL DEFAULT 0 COMMENT '0发送中，1发送成功，2发送失败',
  `routeKey` varchar(255) CHARACTER SET utf8mb4 COLLATE utf8mb4_general_ci NULL DEFAULT NULL,
  `exchange` varchar(255) CHARACTER SET utf8mb4 COLLATE utf8mb4_general_ci NULL DEFAULT NULL,
  `count` int(11) NULL DEFAULT NULL COMMENT '重试次数',
  `tryTime` timestamp(0) NULL DEFAULT NULL COMMENT '第一次重试时间',
  `createTime` timestamp(0) NULL DEFAULT NULL,
  `updateTime` timestamp(0) NULL DEFAULT NULL
) ENGINE = InnoDB CHARACTER SET = utf8mb4 COLLATE = utf8mb4_general_ci ROW_FORMAT = DYNAMIC;

-- ----------------------------
-- Records of mail_send_log
-- ----------------------------
INSERT INTO `mail_send_log` VALUES ('2141c282-a6ed-4d95-81af-174f93169b7d', 2977, 1, 'hr.mail.routing.key', 'hr.mail.exchange', 0, '2022-09-06 18:32:35', '2022-09-06 18:31:35', NULL);
INSERT INTO `mail_send_log` VALUES ('58d654ed-2df8-4446-af8b-7b53c9ec5baf', 2978, 1, 'hr.mail.routing.key', 'hr.mail.exchange', 1, '2022-09-06 18:35:11', '2022-09-06 18:34:11', '2022-09-06 18:38:40');
INSERT INTO `mail_send_log` VALUES ('f67cd3b4-c26d-48c8-b566-59a4ebc479b9', 2980, 1, 'hr.mail.routing.key', 'hr.mail.exchange', 1, '2022-09-06 19:11:28', '2022-09-06 19:10:28', '2022-09-06 19:10:30');
INSERT INTO `mail_send_log` VALUES ('7e129100-d8da-45b2-bf49-36a6a9b3d03e', 2981, 1, 'hr.mail.routing.key', 'hr.mail.exchange', 2, '2022-09-06 19:29:50', '2022-09-06 19:28:50', '2022-09-06 19:31:08');
INSERT INTO `mail_send_log` VALUES ('e8d0dc70-123e-4084-991a-545db12e11a8', 2982, 1, 'hr.mail.routing.key', 'hr.mail.exchange', 1, '2022-09-06 19:38:45', '2022-09-06 19:37:45', '2022-09-06 19:37:50');
INSERT INTO `mail_send_log` VALUES ('ffe74f1e-9efa-41a8-b445-95a9eb113070', 2983, 1, 'hr.mail.routing.key', 'hr.mail.exchange', 1, '2022-09-06 19:46:32', '2022-09-06 19:45:32', '2022-09-06 19:46:40');
INSERT INTO `mail_send_log` VALUES ('3d5a2f2a-a08a-4f1e-b80f-5315c34442fc', 2984, 1, 'hr.mail.routing.key', 'hr.mail.exchange', 1, '2022-09-06 19:48:21', '2022-09-06 19:47:21', '2022-09-06 19:48:30');
INSERT INTO `mail_send_log` VALUES ('c67e9101-71f6-48ba-a91e-8324c26f6d0f', 2985, 2, 'hr.mail.routing.key', 'hr.mail.exchange', 3, '2022-09-06 19:51:01', '2022-09-06 19:50:01', '2022-09-06 19:51:30');
INSERT INTO `mail_send_log` VALUES ('9d8da074-c93c-4291-a59e-e844644a4834', 2986, 1, 'hr.mail.routing.key', 'hr.mail.exchange', 0, '2022-09-07 12:25:54', '2022-09-07 12:24:54', NULL);
INSERT INTO `mail_send_log` VALUES ('11b69921-4376-47dc-a717-fce946bb2ff7', 2987, 1, 'hr.mail.routing.key', 'hr.mail.exchange', 0, '2022-09-07 12:35:55', '2022-09-07 12:34:55', NULL);
INSERT INTO `mail_send_log` VALUES ('ac81317f-a619-4705-bf3a-9e10aff8280c', 2988, 1, 'hr.mail.routing.key', 'hr.mail.exchange', 0, '2022-09-07 12:39:29', '2022-09-07 12:38:29', NULL);
INSERT INTO `mail_send_log` VALUES ('a259b241-c49b-4c9f-ac2b-856734c45aa2', 2989, 1, 'hr.mail.routing.key', 'hr.mail.exchange', 0, '2022-09-07 15:44:50', '2022-09-07 15:43:50', NULL);

-- ----------------------------
-- Table structure for menu
-- ----------------------------
DROP TABLE IF EXISTS `menu`;
CREATE TABLE `menu`  (
  `id` int(11) NOT NULL AUTO_INCREMENT,
  `url` varchar(64) CHARACTER SET utf8 COLLATE utf8_general_ci NULL DEFAULT NULL,
  `path` varchar(64) CHARACTER SET utf8 COLLATE utf8_general_ci NULL DEFAULT NULL,
  `component` varchar(64) CHARACTER SET utf8 COLLATE utf8_general_ci NULL DEFAULT NULL,
  `name` varchar(64) CHARACTER SET utf8 COLLATE utf8_general_ci NULL DEFAULT NULL,
  `icon_cls` varchar(64) CHARACTER SET utf8 COLLATE utf8_general_ci NULL DEFAULT NULL,
  `keep_alive` tinyint(1) NULL DEFAULT NULL,
  `require_auth` tinyint(1) NULL DEFAULT NULL,
  `parentId` int(11) NULL DEFAULT NULL,
  `enabled` tinyint(1) NULL DEFAULT 1,
  PRIMARY KEY (`id`) USING BTREE,
  INDEX `parentId`(`parentId`) USING BTREE,
  CONSTRAINT `menu_ibfk_1` FOREIGN KEY (`parentId`) REFERENCES `menu` (`id`) ON DELETE RESTRICT ON UPDATE RESTRICT
) ENGINE = InnoDB AUTO_INCREMENT = 29 CHARACTER SET = utf8 COLLATE = utf8_general_ci ROW_FORMAT = DYNAMIC;

-- ----------------------------
-- Records of menu
-- ----------------------------
INSERT INTO `menu` VALUES (1, '/', NULL, NULL, '所有', NULL, NULL, NULL, NULL, 1);
INSERT INTO `menu` VALUES (2, '/', '/home', 'Home', '员工资料', 'iconfont icon-idcard', NULL, 1, 1, 1);
INSERT INTO `menu` VALUES (3, '/', '/home', 'Home', '人事管理', 'iconfont icon-rocket', NULL, 1, 1, 1);
INSERT INTO `menu` VALUES (4, '/', '/home', 'Home', '薪资管理', 'iconfont icon-moneycollect', NULL, 1, 1, 1);
INSERT INTO `menu` VALUES (5, '/', '/home', 'Home', '统计管理', 'iconfont icon-gold', NULL, 1, 1, 1);
INSERT INTO `menu` VALUES (6, '/', '/home', 'Home', '系统管理', 'iconfont icon-setting', NULL, 1, 1, 1);
INSERT INTO `menu` VALUES (7, '/employee/basic/**', '/emp/basic', 'EmpBasic', '基本资料', 'iconfont icon-customerservice', NULL, 1, 2, 1);
INSERT INTO `menu` VALUES (8, '/employee/advanced/**', '/emp/adv', 'EmpAdv', '高级资料', NULL, NULL, 1, 2, 1);
INSERT INTO `menu` VALUES (9, '/personnel/emp/**', '/per/emp', 'PerEmp', '员工资料', NULL, NULL, 1, 3, 1);
INSERT INTO `menu` VALUES (10, '/personnel/ec/**', '/per/ec', 'PerEc', '员工奖惩', NULL, NULL, 1, 3, 1);
INSERT INTO `menu` VALUES (11, '/personnel/train/**', '/per/train', 'PerTrain', '员工培训', NULL, NULL, 1, 3, 1);
INSERT INTO `menu` VALUES (12, '/personnel/salary/**', '/per/salary', 'PerSalary', '员工调薪', NULL, NULL, 1, 3, 1);
INSERT INTO `menu` VALUES (13, '/personnel/remove/**', '/per/mv', 'PerMv', '员工调动', NULL, NULL, 1, 3, 1);
INSERT INTO `menu` VALUES (14, '/salary/sob/**', '/sal/sob', 'SalSob', '工资账套管理', 'iconfont icon-YUAN', NULL, 1, 4, 1);
INSERT INTO `menu` VALUES (15, '/salary/sobcfg/**', '/sal/sobcfg', 'SalSobCfg', '员工账套设置', NULL, NULL, 1, 4, 1);
INSERT INTO `menu` VALUES (16, '/salary/table/**', '/sal/table', 'SalTable', '工资表管理', NULL, NULL, 1, 4, 1);
INSERT INTO `menu` VALUES (17, '/salary/month/**', '/sal/month', 'SalMonth', '月末处理', NULL, NULL, 1, 4, 1);
INSERT INTO `menu` VALUES (18, '/salary/search/**', '/sal/search', 'SalSearch', '工资表查询', NULL, NULL, 1, 4, 1);
INSERT INTO `menu` VALUES (19, '/statistics/all/**', '/sta/all', 'StaAll', '综合信息统计', NULL, NULL, 1, 5, 1);
INSERT INTO `menu` VALUES (20, '/statistics/score/**', '/sta/score', 'StaScore', '员工积分统计', NULL, NULL, 1, 5, 1);
INSERT INTO `menu` VALUES (21, '/statistics/personnel/**', '/sta/pers', 'StaPers', '人事信息统计', NULL, NULL, 1, 5, 1);
INSERT INTO `menu` VALUES (22, '/statistics/recored/**', '/sta/record', 'StaRecord', '人事记录统计', NULL, NULL, 1, 5, 1);
INSERT INTO `menu` VALUES (23, '/system/basic/**', '/sys/basic', 'SysBasic', '基础信息设置', 'iconfont icon-info-circle', NULL, 1, 6, 1);
INSERT INTO `menu` VALUES (24, '/system/cfg/**', '/sys/cfg', 'SysCfg', '系统管理', NULL, NULL, 1, 6, 1);
INSERT INTO `menu` VALUES (25, '/system/log/**', '/sys/log', 'SysLog', '操作日志管理', NULL, NULL, 1, 6, 1);
INSERT INTO `menu` VALUES (26, '/system/hr/**', '/sys/hr', 'SysHr', '操作员管理', 'iconfont icon-team', NULL, 1, 6, 1);
INSERT INTO `menu` VALUES (27, '/system/data/**', '/sys/data', 'SysData', '备份恢复数据库', 'iconfont icon-sharpicons_safe-database', NULL, 1, 6, 1);
INSERT INTO `menu` VALUES (28, '/system/init/**', '/sys/init', 'SysInit', '初始化数据库', NULL, NULL, 1, 6, 1);

-- ----------------------------
-- Table structure for menu_role
-- ----------------------------
DROP TABLE IF EXISTS `menu_role`;
CREATE TABLE `menu_role`  (
  `id` int(11) NOT NULL AUTO_INCREMENT,
  `mid` int(11) NULL DEFAULT NULL,
  `rid` int(11) NULL DEFAULT NULL,
  PRIMARY KEY (`id`) USING BTREE,
  INDEX `mid`(`mid`) USING BTREE,
  INDEX `rid`(`rid`) USING BTREE,
  CONSTRAINT `menu_role_ibfk_1` FOREIGN KEY (`mid`) REFERENCES `menu` (`id`) ON DELETE RESTRICT ON UPDATE RESTRICT,
  CONSTRAINT `menu_role_ibfk_2` FOREIGN KEY (`rid`) REFERENCES `role` (`id`) ON DELETE RESTRICT ON UPDATE RESTRICT
) ENGINE = InnoDB AUTO_INCREMENT = 278 CHARACTER SET = utf8 COLLATE = utf8_general_ci ROW_FORMAT = DYNAMIC;

-- ----------------------------
-- Records of menu_role
-- ----------------------------
INSERT INTO `menu_role` VALUES (161, 7, 3);
INSERT INTO `menu_role` VALUES (162, 7, 6);
INSERT INTO `menu_role` VALUES (163, 9, 6);
INSERT INTO `menu_role` VALUES (164, 10, 6);
INSERT INTO `menu_role` VALUES (165, 11, 6);
INSERT INTO `menu_role` VALUES (166, 12, 6);
INSERT INTO `menu_role` VALUES (167, 13, 6);
INSERT INTO `menu_role` VALUES (168, 14, 6);
INSERT INTO `menu_role` VALUES (169, 15, 6);
INSERT INTO `menu_role` VALUES (170, 16, 6);
INSERT INTO `menu_role` VALUES (171, 17, 6);
INSERT INTO `menu_role` VALUES (172, 18, 6);
INSERT INTO `menu_role` VALUES (173, 19, 6);
INSERT INTO `menu_role` VALUES (174, 20, 6);
INSERT INTO `menu_role` VALUES (175, 21, 6);
INSERT INTO `menu_role` VALUES (176, 22, 6);
INSERT INTO `menu_role` VALUES (177, 23, 6);
INSERT INTO `menu_role` VALUES (178, 25, 6);
INSERT INTO `menu_role` VALUES (179, 26, 6);
INSERT INTO `menu_role` VALUES (180, 27, 6);
INSERT INTO `menu_role` VALUES (181, 28, 6);
INSERT INTO `menu_role` VALUES (182, 24, 6);
INSERT INTO `menu_role` VALUES (247, 7, 4);
INSERT INTO `menu_role` VALUES (248, 8, 4);
INSERT INTO `menu_role` VALUES (249, 11, 4);
INSERT INTO `menu_role` VALUES (250, 7, 2);
INSERT INTO `menu_role` VALUES (251, 8, 2);
INSERT INTO `menu_role` VALUES (252, 9, 2);
INSERT INTO `menu_role` VALUES (253, 10, 2);
INSERT INTO `menu_role` VALUES (254, 12, 2);
INSERT INTO `menu_role` VALUES (255, 13, 2);
INSERT INTO `menu_role` VALUES (256, 7, 1);
INSERT INTO `menu_role` VALUES (257, 8, 1);
INSERT INTO `menu_role` VALUES (258, 9, 1);
INSERT INTO `menu_role` VALUES (259, 10, 1);
INSERT INTO `menu_role` VALUES (260, 11, 1);
INSERT INTO `menu_role` VALUES (261, 12, 1);
INSERT INTO `menu_role` VALUES (262, 13, 1);
INSERT INTO `menu_role` VALUES (263, 14, 1);
INSERT INTO `menu_role` VALUES (264, 15, 1);
INSERT INTO `menu_role` VALUES (265, 16, 1);
INSERT INTO `menu_role` VALUES (266, 17, 1);
INSERT INTO `menu_role` VALUES (267, 18, 1);
INSERT INTO `menu_role` VALUES (268, 19, 1);
INSERT INTO `menu_role` VALUES (269, 20, 1);
INSERT INTO `menu_role` VALUES (270, 21, 1);
INSERT INTO `menu_role` VALUES (271, 22, 1);
INSERT INTO `menu_role` VALUES (272, 23, 1);
INSERT INTO `menu_role` VALUES (273, 24, 1);
INSERT INTO `menu_role` VALUES (274, 25, 1);
INSERT INTO `menu_role` VALUES (275, 26, 1);
INSERT INTO `menu_role` VALUES (276, 27, 1);
INSERT INTO `menu_role` VALUES (277, 28, 1);

-- ----------------------------
-- Table structure for nation
-- ----------------------------
DROP TABLE IF EXISTS `nation`;
CREATE TABLE `nation`  (
  `id` int(11) NOT NULL AUTO_INCREMENT,
  `name` varchar(32) CHARACTER SET utf8 COLLATE utf8_general_ci NULL DEFAULT NULL,
  PRIMARY KEY (`id`) USING BTREE
) ENGINE = InnoDB AUTO_INCREMENT = 57 CHARACTER SET = utf8 COLLATE = utf8_general_ci ROW_FORMAT = DYNAMIC;

-- ----------------------------
-- Records of nation
-- ----------------------------
INSERT INTO `nation` VALUES (1, '汉族');
INSERT INTO `nation` VALUES (2, '蒙古族');
INSERT INTO `nation` VALUES (3, '回族');
INSERT INTO `nation` VALUES (4, '藏族');
INSERT INTO `nation` VALUES (5, '维吾尔族');
INSERT INTO `nation` VALUES (6, '苗族');
INSERT INTO `nation` VALUES (7, '彝族');
INSERT INTO `nation` VALUES (8, '壮族');
INSERT INTO `nation` VALUES (9, '布依族');
INSERT INTO `nation` VALUES (10, '朝鲜族');
INSERT INTO `nation` VALUES (11, '满族');
INSERT INTO `nation` VALUES (12, '侗族');
INSERT INTO `nation` VALUES (13, '瑶族');
INSERT INTO `nation` VALUES (14, '白族');
INSERT INTO `nation` VALUES (15, '土家族');
INSERT INTO `nation` VALUES (16, '哈尼族');
INSERT INTO `nation` VALUES (17, '哈萨克族');
INSERT INTO `nation` VALUES (18, '傣族');
INSERT INTO `nation` VALUES (19, '黎族');
INSERT INTO `nation` VALUES (20, '傈僳族');
INSERT INTO `nation` VALUES (21, '佤族');
INSERT INTO `nation` VALUES (22, '畲族');
INSERT INTO `nation` VALUES (23, '高山族');
INSERT INTO `nation` VALUES (24, '拉祜族');
INSERT INTO `nation` VALUES (25, '水族');
INSERT INTO `nation` VALUES (26, '东乡族');
INSERT INTO `nation` VALUES (27, '纳西族');
INSERT INTO `nation` VALUES (28, '景颇族');
INSERT INTO `nation` VALUES (29, '柯尔克孜族');
INSERT INTO `nation` VALUES (30, '土族');
INSERT INTO `nation` VALUES (31, '达斡尔族');
INSERT INTO `nation` VALUES (32, '仫佬族');
INSERT INTO `nation` VALUES (33, '羌族');
INSERT INTO `nation` VALUES (34, '布朗族');
INSERT INTO `nation` VALUES (35, '撒拉族');
INSERT INTO `nation` VALUES (36, '毛难族');
INSERT INTO `nation` VALUES (37, '仡佬族');
INSERT INTO `nation` VALUES (38, '锡伯族');
INSERT INTO `nation` VALUES (39, '阿昌族');
INSERT INTO `nation` VALUES (40, '普米族');
INSERT INTO `nation` VALUES (41, '塔吉克族');
INSERT INTO `nation` VALUES (42, '怒族');
INSERT INTO `nation` VALUES (43, '乌孜别克族');
INSERT INTO `nation` VALUES (44, '俄罗斯族');
INSERT INTO `nation` VALUES (45, '鄂温克族');
INSERT INTO `nation` VALUES (46, '崩龙族');
INSERT INTO `nation` VALUES (47, '保安族');
INSERT INTO `nation` VALUES (48, '裕固族');
INSERT INTO `nation` VALUES (49, '京族');
INSERT INTO `nation` VALUES (50, '塔塔尔族');
INSERT INTO `nation` VALUES (51, '独龙族');
INSERT INTO `nation` VALUES (52, '鄂伦春族');
INSERT INTO `nation` VALUES (53, '赫哲族');
INSERT INTO `nation` VALUES (54, '门巴族');
INSERT INTO `nation` VALUES (55, '珞巴族');
INSERT INTO `nation` VALUES (56, '基诺族');

-- ----------------------------
-- Table structure for oplog
-- ----------------------------
DROP TABLE IF EXISTS `oplog`;
CREATE TABLE `oplog`  (
  `id` int(11) NOT NULL AUTO_INCREMENT,
  `addDate` date NULL DEFAULT NULL COMMENT '添加日期',
  `operate` varchar(255) CHARACTER SET utf8 COLLATE utf8_general_ci NULL DEFAULT NULL COMMENT '操作内容',
  `hrid` int(11) NULL DEFAULT NULL COMMENT '操作员ID',
  PRIMARY KEY (`id`) USING BTREE,
  INDEX `hrid`(`hrid`) USING BTREE,
  CONSTRAINT `oplog_ibfk_1` FOREIGN KEY (`hrid`) REFERENCES `hr` (`id`) ON DELETE RESTRICT ON UPDATE RESTRICT
) ENGINE = InnoDB AUTO_INCREMENT = 1 CHARACTER SET = utf8 COLLATE = utf8_general_ci ROW_FORMAT = DYNAMIC;

-- ----------------------------
-- Records of oplog
-- ----------------------------

-- ----------------------------
-- Table structure for politicsstatus
-- ----------------------------
DROP TABLE IF EXISTS `politicsstatus`;
CREATE TABLE `politicsstatus`  (
  `id` int(11) NOT NULL AUTO_INCREMENT,
  `name` varchar(32) CHARACTER SET utf8 COLLATE utf8_general_ci NULL DEFAULT NULL,
  PRIMARY KEY (`id`) USING BTREE
) ENGINE = InnoDB AUTO_INCREMENT = 14 CHARACTER SET = utf8 COLLATE = utf8_general_ci ROW_FORMAT = DYNAMIC;

-- ----------------------------
-- Records of politicsstatus
-- ----------------------------
INSERT INTO `politicsstatus` VALUES (1, '中共党员');
INSERT INTO `politicsstatus` VALUES (2, '中共预备党员');
INSERT INTO `politicsstatus` VALUES (3, '共青团员');
INSERT INTO `politicsstatus` VALUES (4, '民革党员');
INSERT INTO `politicsstatus` VALUES (5, '民盟盟员');
INSERT INTO `politicsstatus` VALUES (6, '民建会员');
INSERT INTO `politicsstatus` VALUES (7, '民进会员');
INSERT INTO `politicsstatus` VALUES (8, '农工党党员');
INSERT INTO `politicsstatus` VALUES (9, '致公党党员');
INSERT INTO `politicsstatus` VALUES (10, '九三学社社员');
INSERT INTO `politicsstatus` VALUES (11, '台盟盟员');
INSERT INTO `politicsstatus` VALUES (12, '无党派民主人士');
INSERT INTO `politicsstatus` VALUES (13, '普通公民');

-- ----------------------------
-- Table structure for position
-- ----------------------------
DROP TABLE IF EXISTS `position`;
CREATE TABLE `position`  (
  `id` int(11) NOT NULL AUTO_INCREMENT,
  `name` varchar(32) CHARACTER SET utf8 COLLATE utf8_general_ci NULL DEFAULT NULL COMMENT '职位',
  `create_date` timestamp(0) NULL DEFAULT CURRENT_TIMESTAMP(0),
  `enabled` tinyint(1) NULL DEFAULT 1,
  `del_flag` tinyint(1) NOT NULL DEFAULT 1 COMMENT '逻辑删除 1未删除; 0删除',
  PRIMARY KEY (`id`) USING BTREE,
  UNIQUE INDEX `name`(`name`) USING BTREE
) ENGINE = InnoDB AUTO_INCREMENT = 46 CHARACTER SET = utf8 COLLATE = utf8_general_ci ROW_FORMAT = DYNAMIC;

-- ----------------------------
-- Records of position
-- ----------------------------
INSERT INTO `position` VALUES (29, '技术总监', '2018-01-11 21:13:42', 1, 1);
INSERT INTO `position` VALUES (30, '运营总监', '2018-01-11 21:13:48', 1, 1);
INSERT INTO `position` VALUES (31, '市场总监', '2018-01-11 00:00:00', 1, 1);
INSERT INTO `position` VALUES (33, '研发工程师', '2018-01-14 00:00:00', 0, 1);
INSERT INTO `position` VALUES (34, '运维工程师', '2018-01-14 16:11:41', 1, 1);
INSERT INTO `position` VALUES (35, 'Java高级工程师', '2022-06-01 00:00:00', 1, 1);
INSERT INTO `position` VALUES (37, 'Java中级研发', '2022-07-03 14:57:10', 1, 1);
INSERT INTO `position` VALUES (43, 'aaaa', '2022-07-03 22:13:04', 1, 1);
INSERT INTO `position` VALUES (44, 'fffff', '2022-07-03 00:00:00', 0, 1);
INSERT INTO `position` VALUES (45, 'tttttt', '2022-07-28 23:33:55', 1, 1);

-- ----------------------------
-- Table structure for role
-- ----------------------------
DROP TABLE IF EXISTS `role`;
CREATE TABLE `role`  (
  `id` int(11) NOT NULL AUTO_INCREMENT,
  `name` varchar(64) CHARACTER SET utf8 COLLATE utf8_general_ci NULL DEFAULT NULL,
  `namezh` varchar(64) CHARACTER SET utf8 COLLATE utf8_general_ci NULL DEFAULT NULL COMMENT '角色名称',
  PRIMARY KEY (`id`) USING BTREE
) ENGINE = InnoDB AUTO_INCREMENT = 19 CHARACTER SET = utf8 COLLATE = utf8_general_ci ROW_FORMAT = DYNAMIC;

-- ----------------------------
-- Records of role
-- ----------------------------
INSERT INTO `role` VALUES (1, 'ROLE_manager', '部门经理');
INSERT INTO `role` VALUES (2, 'ROLE_personnel', '人事专员');
INSERT INTO `role` VALUES (3, 'ROLE_recruiter', '招聘主管');
INSERT INTO `role` VALUES (4, 'ROLE_train', '培训主管');
INSERT INTO `role` VALUES (5, 'ROLE_performance', '薪酬绩效主管');
INSERT INTO `role` VALUES (6, 'ROLE_admin', '系统管理员');
INSERT INTO `role` VALUES (13, 'ROLE_test2', '测试角色2');
INSERT INTO `role` VALUES (14, 'ROLE_test1', '测试角色1');
INSERT INTO `role` VALUES (17, 'ROLE_test3', '测试角色3');
INSERT INTO `role` VALUES (18, 'ROLE_test4', '测试角色4');

-- ----------------------------
-- Table structure for salary
-- ----------------------------
DROP TABLE IF EXISTS `salary`;
CREATE TABLE `salary`  (
  `id` int(11) NOT NULL AUTO_INCREMENT,
  `basic_salary` float(11, 0) NULL DEFAULT NULL COMMENT '基本工资',
  `bonus` float(11, 0) NULL DEFAULT NULL COMMENT '奖金',
  `lunch_salary` float(11, 0) NULL DEFAULT NULL COMMENT '午餐补助',
  `traffic_salary` float(11, 0) NULL DEFAULT NULL COMMENT '交通补助',
  `all_salary` float(11, 0) NULL DEFAULT NULL COMMENT '应发工资',
  `pension_base` float(11, 0) NULL DEFAULT NULL COMMENT '养老金基数',
  `pensionper` float NULL DEFAULT NULL COMMENT '养老金比率',
  `create_date` timestamp(0) NULL DEFAULT NULL COMMENT '启用时间',
  `medical_base` float(11, 0) NULL DEFAULT NULL COMMENT '医疗基数',
  `medicalper` float NULL DEFAULT NULL COMMENT '医疗保险比率',
  `accumulation_fund_base` float(11, 0) NULL DEFAULT NULL COMMENT '公积金基数',
  `accumulation_fundper` float NULL DEFAULT NULL COMMENT '公积金比率',
  `name` varchar(32) CHARACTER SET utf8 COLLATE utf8_general_ci NULL DEFAULT NULL,
  PRIMARY KEY (`id`) USING BTREE
) ENGINE = InnoDB AUTO_INCREMENT = 18 CHARACTER SET = utf8 COLLATE = utf8_general_ci ROW_FORMAT = DYNAMIC;

-- ----------------------------
-- Records of salary
-- ----------------------------
INSERT INTO `salary` VALUES (9, 9000, 4000, 800, 500, NULL, 2000, 0.07, '2018-01-24 00:00:00', 2000, 0.07, 2000, 0.07, '市场部工资账套');
INSERT INTO `salary` VALUES (10, 2000, 2000, 400, 1000, NULL, 2000, 0.07, '2018-01-01 00:00:00', 2000, 0.07, 2000, 0.07, '人事部工资账套');
INSERT INTO `salary` VALUES (13, 20000, 3000, 500, 500, NULL, 4000, 0.07, '2018-01-25 00:00:00', 4000, 0.07, 4000, 0.07, '运维部工资账套');
INSERT INTO `salary` VALUES (15, 300, 369, 852, 200, NULL, 852, 0.36, '2022-08-12 23:35:05', 852, 0.03, 147, 0.06, '测试部测试');
INSERT INTO `salary` VALUES (16, 9635, 369, 852, 200, NULL, 852, 0.36, '2022-08-13 00:01:49', 852, 0.03, 147, 0.06, '测试');
INSERT INTO `salary` VALUES (17, 900, 28282, 2828, 258, NULL, 383, 0.36, '2022-08-13 00:15:06', 555, 0.33, 5862, 0.02, '测测测');

SET FOREIGN_KEY_CHECKS = 1;
